,name,chapters,category,category2,category3,category4,category5,category6,category7,category8,categoy9,watch
0,86 EIGHTY-SIX,49 chapters,Action,Sci-fi,-,-,-,-,-,-,-,Avalible on Crunchyroll
1,91 Days,14 chapters,Action,Historical,Seinen,-,-,-,-,-,-,Avalible on Crunchyroll
2,A Certain Magical Index III,50 chapters,Action,Fantasy,Sci-fi,-,-,-,-,-,-,Avalible on Crunchyroll
3,A Certain Scientific Accelerator,12 chapters,Action,Sci-fi,-,-,-,-,-,-,-,Avalible on Crunchyroll
4,A Certain Scientific Railgun,49 chapters,Action,Sci-fi,-,-,-,-,-,-,-,Avalible on Crunchyroll
5,Absolute Duo,12 chapters,Action,Fantasy,Romance,-,-,-,-,-,-,Avalible on Crunchyroll
6,Active Raid,24 chapters,Action,Mecha,Sci-fi,-,-,-,-,-,-,Avalible on Crunchyroll
7,Akashic Records of Bastard Magical Instructor,24 chapters,Action,Adventure,Fantasy,-,-,-,-,-,-,Avalible on Crunchyroll
8,Akudama Drive,24 chapters,Action,Thriller,-,-,-,-,-,-,-,Avalible on Crunchyroll
9,Alderamin on the Sky,13 chapters,Action,Adventure,Fantasy,-,-,-,-,-,-,Avalible on Crunchyroll
10,Aldnoah Zero,25 chapters,Action,Mecha,Sci-fi,-,-,-,-,-,-,Avalible on Crunchyroll
11,Alice & Zoroku,13 chapters,Action,Adventure,Slice of Life,Supernatural,-,-,-,-,-,Avalible on Crunchyroll
12,ALL OUT!!,25 chapters,Action,Sports,-,-,-,-,-,-,-,Avalible on Crunchyroll
13,AMAIM Warrior at the Borderline,25 chapters,Action,Sci-fi,-,-,-,-,-,-,-,Avalible on Crunchyroll
14,Ange Vierge,12 chapters,Action,Adventure,Fantasy,Sci-fi,-,-,-,-,-,Avalible on Crunchyroll
15,Angel Beats!,13 chapters,Action,Comedy,Fantasy,Romance,-,-,-,-,-,Avalible on Crunchyroll
16,Angolmois: Record of Mongol Invasion,12 chapters,Action,Historical,-,-,-,-,-,-,-,Avalible on Crunchyroll
17,Anime Crimes Division,9 chapters,Action,Comedy,Sci-fi,-,-,-,-,-,-,Avalible on Crunchyroll
18,Assassination Classroom,140 chapters,Action,Comedy,Sci-fi,-,-,-,-,-,-,Avalible on Crunchyroll
19,ASSASSINS PRIDE,12 chapters,Action,Fantasy,-,-,-,-,-,-,-,Avalible on Crunchyroll
20,Assault Lily BOUQUET,12 chapters,Action,Fantasy,-,-,-,-,-,-,-,Avalible on Crunchyroll
21,Attack on Titan,96 chapters,Action,Adventure,Fantasy,Post Apocalyptic,Thriller,-,-,-,-,Avalible on Crunchyroll
22,Attack on Titan (Dubs),119 chapters,Action,Adventure,Fantasy,Shonen,-,-,-,-,-,Avalible on Crunchyroll
23,AZUR LANE,24 chapters,Action,Sci-fi,-,-,-,-,-,-,-,Avalible on Crunchyroll
24,BAKUMATSU,24 chapters,Action,-,-,-,-,-,-,-,-,Avalible on Crunchyroll
25,Basilisk : The Ouka Ninja Scrolls,24 chapters,Action,Fantasy,Historical,Seinen,-,-,-,-,-,Avalible on Crunchyroll
26,Battle Game in 5 Seconds,24 chapters,Action,Thriller,Supernatural,-,-,-,-,-,-,Avalible on Crunchyroll
27,BBK/BRNK,24 chapters,Action,Mecha,Sci-fi,-,-,-,-,-,-,Avalible on Crunchyroll
28,Berserk,26 chapters,Action,Fantasy,Seinen,Supernatural,-,-,-,-,-,Avalible on Crunchyroll
29,Big Order,10 chapters,Action,Mistery,Post Apocalyptic,Thriller,-,-,-,-,-,Avalible on Crunchyroll
30,Black Cat,24 chapters,Action,Comedy,-,-,-,-,-,-,-,Avalible on Crunchyroll
31,Black Clover,171 chapters,Action,Adventure,Comedy,Fantasy,Shonen,-,-,-,-,Avalible on Crunchyroll
32,Black Clover (Doblajes),283 chapters,Action,Adventure,Comedy,Fantasy,Shonen,-,-,-,-,Avalible on Crunchyroll
33,Black Rock Shooter,8 chapters,Action,Sci-fi,-,-,-,-,-,-,-,Avalible on Crunchyroll
34,Black Summoner,12 chapters,Action,Fantasy,-,-,-,-,-,-,-,Avalible on Crunchyroll
35,BLACKFOX,1 chapters,Action,Sci-fi,-,-,-,-,-,-,-,Avalible on Crunchyroll
36,Blade and Soul,13 chapters,Action,Adventure,Fantasy,-,-,-,-,-,-,Avalible on Crunchyroll
37,Blade Runner: Black Lotus,26 chapters,Action,Sci-fi,-,-,-,-,-,-,-,Avalible on Crunchyroll
38,Bleach (International Dubs),228 chapters,Action,Adventure,Comedy,Supernatural,-,-,-,-,-,Avalible on Crunchyroll
39,Blood Blockade Battlefront,24 chapters,Action,Sci-fi,Supernatural,-,-,-,-,-,-,Avalible on Crunchyroll
40,Bloodivores,12 chapters,Action,Supernatural,-,-,-,-,-,-,-,Avalible on Crunchyroll
41,Blue Exorcist,37 chapters,Action,Adventure,Comedy,Fantasy,Supernatural,-,-,-,-,Avalible on Crunchyroll
42,Blue Reflection Ray,48 chapters,Action,-,-,-,-,-,-,-,-,Avalible on Crunchyroll
43,BORUTO: NARUTO NEXT GENERATIONS,269 chapters,Action,Adventure,Fantasy,Shonen,-,-,-,-,-,Avalible on Crunchyroll
44,Brave 10,12 chapters,Action,Adventure,Historical,Supernatural,-,-,-,-,-,Avalible on Crunchyroll
45,Brave Witches,12 chapters,Action,Sci-fi,-,-,-,-,-,-,-,Avalible on Crunchyroll
46,Bungo Stray Dogs,64 chapters,Action,Comedy,Historical,Mistery,Seinen,Supernatural,-,-,-,Avalible on Crunchyroll
47,BURN THE WITCH,6 chapters,Action,Fantasy,Shonen,Supernatural,-,-,-,-,-,Avalible on Crunchyroll
48,Burst Angel,25 chapters,Action,Mecha,Post Apocalyptic,Sci-fi,-,-,-,-,-,Avalible on Crunchyroll
49,Butlers X Battlers,12 chapters,Action,Supernatural,-,-,-,-,-,-,-,Avalible on Crunchyroll
50,Caligula,12 chapters,Action,Sci-fi,-,-,-,-,-,-,-,Avalible on Crunchyroll
51,CARDFIGHT!! VANGUARD overDress,38 chapters,Action,Fantasy,-,-,-,-,-,-,-,Avalible on Crunchyroll
52,Cerberus,13 chapters,Action,Adventure,Fantasy,-,-,-,-,-,-,Avalible on Crunchyroll
53,CESTVS -The Roman Fighter-,11 chapters,Action,Historical,Seinen,-,-,-,-,-,-,Avalible on Crunchyroll
54,Chain Chronicle - The Light of Haecceitas -,24 chapters,Action,Adventure,Fantasy,-,-,-,-,-,-,Avalible on Crunchyroll
55,Cheating Craft,12 chapters,Action,Comedy,-,-,-,-,-,-,-,Avalible on Crunchyroll
56,Children of Ether,1 chapters,Action,Adventure,Seinen,-,-,-,-,-,-,Avalible on Crunchyroll
57,Chokkyuu Hyoudai Robot Anime,12 chapters,Action,Comedy,Mecha,Sci-fi,-,-,-,-,-,Avalible on Crunchyroll
58,CHRONOS RULER,13 chapters,Action,Fantasy,-,-,-,-,-,-,-,Avalible on Crunchyroll
59,Code Geass,50 chapters,Action,Mecha,Sci-fi,-,-,-,-,-,-,Avalible on Crunchyroll
60,Code Geass - Akito the Exiled,5 chapters,Action,Mecha,Sci-fi,-,-,-,-,-,-,Avalible on Crunchyroll
61,Conception,12 chapters,Action,Adventure,Fantasy,Romance,Sci-fi,-,-,-,-,Avalible on Crunchyroll
62,Cowboy Bebop,78 chapters,Action,Sci-fi,-,-,-,-,-,-,-,Avalible on Crunchyroll
63,D_CIDE TRAUMEREI THE ANIMATION,13 chapters,Action,Fantasy,-,-,-,-,-,-,-,Avalible on Crunchyroll
64,Dai-Shogun - Great Revolution,12 chapters,Action,Harem,Historical,Mecha,Sci-fi,-,-,-,-,Avalible on Crunchyroll
65,Dances with the Dragons,12 chapters,Action,Fantasy,-,-,-,-,-,-,-,Avalible on Crunchyroll
66,DARLING in the FRANXX,72 chapters,Action,Mecha,Romance,Sci-fi,-,-,-,-,-,Avalible on Crunchyroll
67,Date A Live,48 chapters,Action,Comedy,Fantasy,Harem,Romance,Sci-fi,-,-,-,Avalible on Crunchyroll
68,Demon Slayer: Kimetsu no Yaiba,90 chapters,Action,Fantasy,Shonen,-,-,-,-,-,-,Avalible on Crunchyroll
69,Dies Irae,18 chapters,Action,Fantasy,Historical,-,-,-,-,-,-,Avalible on Crunchyroll
70,Digimon Adventure: (2020),67 chapters,Action,Adventure,Sci-fi,-,-,-,-,-,-,Avalible on Crunchyroll
71,Digimon Universe App Monsters,52 chapters,Action,Sci-fi,-,-,-,-,-,-,-,Avalible on Crunchyroll
72,DOUBLE DECKER! DOUG & KIRILL,16 chapters,Action,Sci-fi,Seinen,-,-,-,-,-,-,Avalible on Crunchyroll
73,Dr. STONE,73 chapters,Action,Adventure,Comedy,Post Apocalyptic,Sci-fi,Shonen,-,-,-,Avalible on Crunchyroll
74,Dragon Ball,182 chapters,Action,Adventure,Shonen,-,-,-,-,-,-,Avalible on Crunchyroll
75,Dragon Ball Super,131 chapters,Action,Fantasy,Sci-fi,Shonen,-,-,-,-,-,Avalible on Crunchyroll
76,DRAGON QUEST The Adventure of Dai,98 chapters,Action,Adventure,Fantasy,Shonen,-,-,-,-,-,Avalible on Crunchyroll
77,DRAMAtical Murder,12 chapters,Action,Romance,Sci-fi,-,-,-,-,-,-,Avalible on Crunchyroll
78,Engage Kiss,14 chapters,Action,Comedy,Romance,-,-,-,-,-,-,Avalible on Crunchyroll
79,ETOTAMA,12 chapters,Action,Comedy,Supernatural,-,-,-,-,-,-,Avalible on Crunchyroll
80,EX-ARM,12 chapters,Action,Sci-fi,-,-,-,-,-,-,-,Avalible on Crunchyroll
81,Fairy gone,48 chapters,Action,Fantasy,-,-,-,-,-,-,-,Avalible on Crunchyroll
82,Fairy Tail,153 chapters,Action,Adventure,Comedy,Fantasy,Shonen,-,-,-,-,Avalible on Crunchyroll
83,Fate Zero,25 chapters,Action,Fantasy,Shonen,Supernatural,-,-,-,-,-,Avalible on Crunchyroll
84,Fate/Grand Order Absolute Demonic Front: Babylonia,23 chapters,Action,Fantasy,-,-,-,-,-,-,-,Avalible on Crunchyroll
85,Fate/Grand Order ‐First Order‐,1 chapters,Action,Fantasy,Supernatural,-,-,-,-,-,-,Avalible on Crunchyroll
86,Fate/kaleid liner PRISMA ILLYA,42 chapters,Action,Fantasy,Magical Girls,Supernatural,-,-,-,-,-,Avalible on Crunchyroll
87,Fate/Stay night,26 chapters,Action,Fantasy,Supernatural,-,-,-,-,-,-,Avalible on Crunchyroll
88,Fena: Pirate Princess,12 chapters,Action,Adventure,Romance,-,-,-,-,-,-,Avalible on Crunchyroll
89,Fight League: Gear Gadget Generators,26 chapters,Action,Mecha,Sci-fi,-,-,-,-,-,-,Avalible on Crunchyroll
90,FINAL FANTASY XV: EPISODE ARDYN – PROLOGUE,1 chapters,Action,Adventure,Fantasy,-,-,-,-,-,-,Avalible on Crunchyroll
91,Fire Force,168 chapters,Action,Fantasy,Shonen,Supernatural,-,-,-,-,-,Avalible on Crunchyroll
92,Fist of the Blue Sky: Regenesis,24 chapters,Action,Adventure,Shonen,-,-,-,-,-,-,Avalible on Crunchyroll
93,Flame of Recca,42 chapters,Action,Adventure,Shonen,Supernatural,-,-,-,-,-,Avalible on Crunchyroll
94,FLCL Progressive / Alternative,12 chapters,Action,Comedy,Mecha,Sci-fi,-,-,-,-,-,Avalible on Crunchyroll
95,For Whom The Alchemist Exists The Movie,1 chapters,Action,Fantasy,-,-,-,-,-,-,-,Avalible on Crunchyroll
96,FreakAngels,9 chapters,Action,Fantasy,Sci-fi,-,-,-,-,-,-,Avalible on Crunchyroll
97,Full Metal Panic! Invisible Victory,12 chapters,Action,Mecha,Sci-fi,-,-,-,-,-,-,Avalible on Crunchyroll
98,Full Metal Panic! The Second Raid,13 chapters,Action,Mecha,Sci-fi,-,-,-,-,-,-,Avalible on Crunchyroll
99,Fullmetal Alchemist: Brotherhood,64 chapters,Action,Adventure,Fantasy,Shonen,Thriller,-,-,-,-,Avalible on Crunchyroll
100,Fullmetal Alchemist: El conquistador de Shamballa,1 chapters,Action,Adventure,Fantasy,Historical,Shonen,-,-,-,-,Avalible on Crunchyroll
101,FUUTO PI,18 chapters,Action,Sci-fi,-,-,-,-,-,-,-,Avalible on Crunchyroll
102,Gakusen Toshi Asterisk,24 chapters,Action,Adventure,Fantasy,Harem,Sci-fi,-,-,-,-,Avalible on Crunchyroll
103,GARO -VANISHING LINE-,24 chapters,Action,Fantasy,Sci-fi,Supernatural,-,-,-,-,-,Avalible on Crunchyroll
104,Gatchaman Crowds,25 chapters,Action,Sci-fi,-,-,-,-,-,-,-,Avalible on Crunchyroll
105,GeGeGe no Kitaro (2018),97 chapters,Action,Adventure,Comedy,Fantasy,Shonen,Supernatural,-,-,-,Avalible on Crunchyroll
106,gen:LOCK,8 chapters,Action,Mecha,Sci-fi,-,-,-,-,-,-,Avalible on Crunchyroll
107,GIBIATE,12 chapters,Action,Fantasy,Sci-fi,Thriller,-,-,-,-,-,Avalible on Crunchyroll
108,Gifu Dodo!! Kanetsugu and Keiji,25 chapters,Action,Historical,-,-,-,-,-,-,-,Avalible on Crunchyroll
109,Gintama,379 chapters,Action,Adventure,Comedy,Fantasy,Historical,Sci-fi,Shonen,Slice of Life,-,Avalible on Crunchyroll
110,Girls' Frontline,12 chapters,Action,-,-,-,-,-,-,-,-,Avalible on Crunchyroll
111,Girly Air Force,12 chapters,Action,Sci-fi,-,-,-,-,-,-,-,Avalible on Crunchyroll
112,GOBLIN SLAYER,14 chapters,Action,Adventure,Fantasy,-,-,-,-,-,-,Avalible on Crunchyroll
113,God Eater,13 chapters,Action,Post Apocalyptic,Sci-fi,-,-,-,-,-,-,Avalible on Crunchyroll
114,Gokukoku no Buryunhirude,13 chapters,Action,Fantasy,Mistery,Romance,-,-,-,-,-,Avalible on Crunchyroll
115,Golden Kamuy,37 chapters,Action,Adventure,Historical,Mistery,Seinen,Slice of Life,-,-,-,Avalible on Crunchyroll
116,Grimms Notes the Animation,12 chapters,Action,Adventure,Fantasy,-,-,-,-,-,-,Avalible on Crunchyroll
117,Gundam Build Divers,52 chapters,Action,Mecha,Sci-fi,Slice of Life,-,-,-,-,-,Avalible on Crunchyroll
118,Gundam Build Fighters,50 chapters,Action,Mecha,Sci-fi,Slice of Life,-,-,-,-,-,Avalible on Crunchyroll
119,Gunslinger Stratos,12 chapters,Action,Sci-fi,-,-,-,-,-,-,-,Avalible on Crunchyroll
120,Hajime No Ippo: The Fighting!,25 chapters,Action,Sports,-,-,-,-,-,-,-,Avalible on Crunchyroll
121,Hakata Tonkotsu Ramens,12 chapters,Action,Mistery,-,-,-,-,-,-,-,Avalible on Crunchyroll
122,Hakkenden: Touhou Hakken Ibun,26 chapters,Action,Fantasy,Shojo,Supernatural,-,-,-,-,-,Avalible on Crunchyroll
123,Hamatora,24 chapters,Action,Comedy,Mistery,Supernatural,-,-,-,-,-,Avalible on Crunchyroll
124,Hand Shakers,12 chapters,Action,Sci-fi,-,-,-,-,-,-,-,Avalible on Crunchyroll
125,Hayate no Gotoku!,24 chapters,Action,Comedy,Harem,Romance,Slice of Life,-,-,-,-,Avalible on Crunchyroll
126,Hayate the Combat Butler! (Temporadas 1 & 2),77 chapters,Action,Comedy,Harem,Romance,Slice of Life,-,-,-,-,Avalible on Crunchyroll
127,Healin' Good Pretty Cure,45 chapters,Action,Fantasy,Shojo,-,-,-,-,-,-,Avalible on Crunchyroll
128,Hellsing,13 chapters,Action,Sci-fi,Supernatural,-,-,-,-,-,-,Avalible on Crunchyroll
129,High School Prodigies Have It Easy Even In Another World,24 chapters,Action,Adventure,Fantasy,-,-,-,-,-,-,Avalible on Crunchyroll
130,Hina Logic - from Luck & Logic,12 chapters,Action,Comedy,Fantasy,-,-,-,-,-,-,Avalible on Crunchyroll
131,Hinomaru Sumo,24 chapters,Action,Shonen,Sports,-,-,-,-,-,-,Avalible on Crunchyroll
132,hitorinoshita - The Outcast,37 chapters,Action,Supernatural,-,-,-,-,-,-,-,Avalible on Crunchyroll
133,Hitsugi no Chaika,22 chapters,Action,Adventure,Fantasy,Supernatural,-,-,-,-,-,Avalible on Crunchyroll
134,Hotel Sparrow,12 chapters,Action,Comedy,Seinen,Slice of Life,-,-,-,-,-,Avalible on Crunchyroll
135,Hundred,12 chapters,Action,Comedy,Fantasy,Harem,Sci-fi,-,-,-,-,Avalible on Crunchyroll
136,Hunter x Hunter,148 chapters,Action,Adventure,Comedy,Fantasy,Shonen,Supernatural,-,-,-,Avalible on Crunchyroll
137,I'm Standing on a Million Lives,48 chapters,Action,Adventure,Fantasy,-,-,-,-,-,-,Avalible on Crunchyroll
138,In Another World With My Smartphone,24 chapters,Action,Adventure,Fantasy,Harem,-,-,-,-,-,Avalible on Crunchyroll
139,In/Spectre,12 chapters,Action,Fantasy,Mistery,Romance,Thriller,Supernatural,-,-,-,Avalible on Crunchyroll
140,Inferno Cop,13 chapters,Action,Comedy,Sci-fi,Supernatural,-,-,-,-,-,Avalible on Crunchyroll
141,Inou-Battle wa Nichijou-kei no Naka de,12 chapters,Action,Comedy,Harem,Romance,Slice of Life,Supernatural,-,-,-,Avalible on Crunchyroll
142,ISUCA,10 chapters,Action,Comedy,Romance,Supernatural,-,-,-,-,-,Avalible on Crunchyroll
143,Iwakakeru -Sport Climbing Girls-,12 chapters,Action,Sports,-,-,-,-,-,-,-,Avalible on Crunchyroll
144,Ixion Saga,25 chapters,Action,Fantasy,-,-,-,-,-,-,-,Avalible on Crunchyroll
145,Izetta: The Last Witch,12 chapters,Action,Fantasy,Historical,Romance,Supernatural,-,-,-,-,Avalible on Crunchyroll
146,JoJo no Kimyō na Bōken,158 chapters,Action,Adventure,Shonen,Thriller,Supernatural,-,-,-,-,Avalible on Crunchyroll
147,Joker Game,24 chapters,Action,Historical,Mistery,Seinen,Thriller,-,-,-,-,Avalible on Crunchyroll
148,JORAN THE PRINCESS OF SNOW AND BLOOD,12 chapters,Action,Fantasy,Historical,Supernatural,-,-,-,-,-,Avalible on Crunchyroll
149,JUJUTSU KAISEN,62 chapters,Action,Shonen,Supernatural,-,-,-,-,-,-,Avalible on Crunchyroll
150,JUNI TAISEN：ZODIAC WAR,12 chapters,Action,Fantasy,Shonen,Supernatural,-,-,-,-,-,Avalible on Crunchyroll
151,Kabaneri of the Iron Fortress,14 chapters,Action,Post Apocalyptic,Thriller,Supernatural,-,-,-,-,-,Avalible on Crunchyroll
152,Kancolle,12 chapters,Action,Sci-fi,-,-,-,-,-,-,-,Avalible on Crunchyroll
153,Katana Maidens -Tomoshibi,2 chapters,Action,Adventure,-,-,-,-,-,-,-,Avalible on Crunchyroll
154,Katana Maidens ~ Mini Toji,11 chapters,Action,Comedy,-,-,-,-,-,-,-,Avalible on Crunchyroll
155,Katana Maidens ~ Toji No Miko,25 chapters,Action,Fantasy,Supernatural,-,-,-,-,-,-,Avalible on Crunchyroll
156,Katsugeki TOUKEN RANBU,13 chapters,Action,Fantasy,Historical,-,-,-,-,-,-,Avalible on Crunchyroll
157,Kaze No Stigma,24 chapters,Action,Romance,Shonen,Supernatural,-,-,-,-,-,Avalible on Crunchyroll
158,Keijo!!!!!!!!,12 chapters,Action,Sports,-,-,-,-,-,-,-,Avalible on Crunchyroll
159,Kemono Jihen,36 chapters,Action,Shonen,-,-,-,-,-,-,-,Avalible on Crunchyroll
160,KenIchi: The Mightiest Disciple,10 chapters,Action,Shonen,-,-,-,-,-,-,-,Avalible on Crunchyroll
161,Kenka Bancho Otome -Girl Beats Boys-,12 chapters,Action,Romance,Shojo,-,-,-,-,-,-,Avalible on Crunchyroll
162,Kill la Kill,24 chapters,Action,Adventure,Comedy,Mecha,Post Apocalyptic,Sci-fi,Shonen,-,-,Avalible on Crunchyroll
163,Kingdom,129 chapters,Action,Historical,Seinen,-,-,-,-,-,-,Avalible on Crunchyroll
164,Kino's Journey -the Beautiful World- the Animated Series,12 chapters,Action,Adventure,Fantasy,Mistery,Seinen,Slice of Life,-,-,-,Avalible on Crunchyroll
165,Knights of Sidonia,36 chapters,Action,Sci-fi,-,-,-,-,-,-,-,Avalible on Crunchyroll
166,Knight’s & Magic,13 chapters,Action,Adventure,Mecha,Sci-fi,-,-,-,-,-,Avalible on Crunchyroll
167,Kuro Shitsuji: Book of Circus,10 chapters,Action,Comedy,Mistery,Supernatural,-,-,-,-,-,Avalible on Crunchyroll
168,Kuroko no Basuke,82 chapters,Action,Shonen,Sports,-,-,-,-,-,-,Avalible on Crunchyroll
169,Kyousougiga,13 chapters,Action,Fantasy,Sci-fi,Slice of Life,Supernatural,-,-,-,-,Avalible on Crunchyroll
170,Lance N' Masques,12 chapters,Action,Fantasy,-,-,-,-,-,-,-,Avalible on Crunchyroll
171,Last Period: the journey to the end of the despair,12 chapters,Action,Adventure,Comedy,Fantasy,-,-,-,-,-,Avalible on Crunchyroll
172,Legend of the Galactic Heroes: Die Neue These,37 chapters,Action,Sci-fi,-,-,-,-,-,-,-,Avalible on Crunchyroll
173,Log Horizon,74 chapters,Action,Adventure,Fantasy,Sci-fi,-,-,-,-,-,Avalible on Crunchyroll
174,Lord Marksman and Vanadis,13 chapters,Action,Adventure,Fantasy,Harem,Historical,-,-,-,-,Avalible on Crunchyroll
175,Lord of Vermilion: The Crimson King,12 chapters,Action,Fantasy,-,-,-,-,-,-,-,Avalible on Crunchyroll
176,Lucifer and the Biscuit Hammer,13 chapters,Action,Fantasy,-,-,-,-,-,-,-,Avalible on Crunchyroll
177,Lupin III - Cuarta Parte,26 chapters,Action,Adventure,Mistery,Seinen,-,-,-,-,-,Avalible on Crunchyroll
178,LUPIN THE 3rd PART 5,24 chapters,Action,Adventure,Mistery,Seinen,-,-,-,-,-,Avalible on Crunchyroll
179,Lycoris Recoil,24 chapters,Action,Slice of Life,-,-,-,-,-,-,-,Avalible on Crunchyroll
180,MAGATSU WAHRHEIT,12 chapters,Action,Fantasy,-,-,-,-,-,-,-,Avalible on Crunchyroll
181,Magi,25 chapters,Action,Adventure,Fantasy,Shonen,-,-,-,-,-,Avalible on Crunchyroll
182,Magia en la Gran Ciudad,1 chapters,Action,Adventure,Fantasy,Mistery,Supernatural,-,-,-,-,Avalible on Crunchyroll
183,MAGICAL CIRCLE GURU-GURU,24 chapters,Action,Adventure,Comedy,Fantasy,-,-,-,-,-,Avalible on Crunchyroll
184,Magical Girl Raising Project,12 chapters,Action,Fantasy,Sci-fi,Seinen,-,-,-,-,-,Avalible on Crunchyroll
185,Magical Girl Spec-Ops Asuka,12 chapters,Action,Fantasy,-,-,-,-,-,-,-,Avalible on Crunchyroll
186,Mahouka Koukou no Rettousei,53 chapters,Action,Fantasy,Sci-fi,Supernatural,-,-,-,-,-,Avalible on Crunchyroll
187,Majin Bone,52 chapters,Action,Fantasy,Shonen,-,-,-,-,-,-,Avalible on Crunchyroll
188,MARSRED,26 chapters,Action,Fantasy,Historical,Sci-fi,-,-,-,-,-,Avalible on Crunchyroll
189,Mob Psycho 100,55 chapters,Action,Comedy,Fantasy,Supernatural,-,-,-,-,-,Avalible on Crunchyroll
190,Mobile Fighter G Gundam,49 chapters,Action,Mecha,Sci-fi,-,-,-,-,-,-,Avalible on Crunchyroll
191,Mobile Suit Gundam 00,50 chapters,Action,Mecha,Sci-fi,-,-,-,-,-,-,Avalible on Crunchyroll
192,Mobile Suit GUNDAM Iron Blooded Orphans,50 chapters,Action,Mecha,Sci-fi,-,-,-,-,-,-,Avalible on Crunchyroll
193,Mobile Suit Gundam Seed,48 chapters,Action,Mecha,Sci-fi,-,-,-,-,-,-,Avalible on Crunchyroll
194,Mobile Suit Gundam Seed Destiny,50 chapters,Action,Mecha,Sci-fi,-,-,-,-,-,-,Avalible on Crunchyroll
195,MOBILE SUIT GUNDAM THE ORIGIN Advent of the Red Comet,13 chapters,Action,Mecha,Sci-fi,-,-,-,-,-,-,Avalible on Crunchyroll
196,Mobile Suit Gundam Unicorn RE:0096,22 chapters,Action,Mecha,Sci-fi,-,-,-,-,-,-,Avalible on Crunchyroll
197,Mobile Suit Gundam Wing,49 chapters,Action,Mecha,Sci-fi,-,-,-,-,-,-,Avalible on Crunchyroll
198,Mobile Suit Gundam Wing ENDLESS WALTZ,1 chapters,Action,Mecha,Sci-fi,-,-,-,-,-,-,Avalible on Crunchyroll
199,Mondaiji-tachi ga Isekai kara Kuru Sou Desu yo?,10 chapters,Action,Comedy,Fantasy,-,-,-,-,-,-,Avalible on Crunchyroll
200,Monogatari Segunda Temporada,1 chapters,Action,Comedy,Fantasy,Harem,Thriller,Supernatural,-,-,-,Avalible on Crunchyroll
201,Monster Strike,159 chapters,Action,Fantasy,-,-,-,-,-,-,-,Avalible on Crunchyroll
202,Monster Strike the Movie: Lucifer Dawn of Despair,1 chapters,Action,Fantasy,-,-,-,-,-,-,-,Avalible on Crunchyroll
203,Mujin Fafnir,12 chapters,Action,Fantasy,Harem,Seinen,Supernatural,-,-,-,-,Avalible on Crunchyroll
204,Mushibugyo,26 chapters,Action,Adventure,Fantasy,Historical,-,-,-,-,-,Avalible on Crunchyroll
205,Muv-Luv Alternative,12 chapters,Action,Sci-fi,-,-,-,-,-,-,-,Avalible on Crunchyroll
206,My Hero Academia,119 chapters,Action,Fantasy,Shonen,-,-,-,-,-,-,Avalible on Crunchyroll
207,My Hero Academia (Dubs),182 chapters,Action,Shonen,-,-,-,-,-,-,-,Avalible on Crunchyroll
208,Nekomonogatari Black,4 chapters,Action,Comedy,Fantasy,Harem,Thriller,Supernatural,-,-,-,Avalible on Crunchyroll
209,Ninja Collection,13 chapters,Action,Supernatural,-,-,-,-,-,-,-,Avalible on Crunchyroll
210,Noblesse,26 chapters,Action,Fantasy,Supernatural,-,-,-,-,-,-,Avalible on Crunchyroll
211,Nobunaga no Shinobi,79 chapters,Action,Adventure,Comedy,Historical,-,-,-,-,-,Avalible on Crunchyroll
212,Nobunagun,13 chapters,Action,Sci-fi,Shonen,-,-,-,-,-,-,Avalible on Crunchyroll
213,Noragami,50 chapters,Action,Fantasy,Shonen,Supernatural,-,-,-,-,-,Avalible on Crunchyroll
214,Notari Matsutarō,23 chapters,Action,Comedy,Shonen,Sports,-,-,-,-,-,Avalible on Crunchyroll
215,Oda Nobuna no Yabou,12 chapters,Action,Adventure,Comedy,Fantasy,Harem,Historical,Romance,Seinen,-,Avalible on Crunchyroll
216,One Piece,1250 chapters,Action,Adventure,Fantasy,Shonen,-,-,-,-,-,Avalible on Crunchyroll
217,One-Punch Man,25 chapters,Action,Comedy,Shonen,-,-,-,-,-,-,Avalible on Crunchyroll
218,Onyx Equinox,24 chapters,Action,Adventure,Historical,-,-,-,-,-,-,Avalible on Crunchyroll
219,ORIENT,45 chapters,Action,Adventure,Shonen,-,-,-,-,-,-,Avalible on Crunchyroll
220,Otherside Picnic,12 chapters,Action,Adventure,Sci-fi,-,-,-,-,-,-,Avalible on Crunchyroll
221,Overlord,101 chapters,Action,Adventure,Fantasy,Supernatural,-,-,-,-,-,Avalible on Crunchyroll
222,OWARIMONOGATARI,15 chapters,Action,Comedy,Fantasy,Harem,Thriller,Supernatural,-,-,-,Avalible on Crunchyroll
223,Parasyte -the maxim-,24 chapters,Action,Sci-fi,Seinen,Thriller,-,-,-,-,-,Avalible on Crunchyroll
224,Patrullera Espacial Luluco,13 chapters,Action,Comedy,Fantasy,Romance,Sci-fi,-,-,-,-,Avalible on Crunchyroll
225,PEACE MAKER KUROGANE,1 chapters,Action,Adventure,Historical,Shonen,-,-,-,-,-,Avalible on Crunchyroll
226,Peach Boy Riverside,12 chapters,Action,Adventure,Fantasy,-,-,-,-,-,-,Avalible on Crunchyroll
227,Persona4 the Golden ANIMATION,12 chapters,Action,Mistery,Slice of Life,Thriller,Supernatural,-,-,-,-,Avalible on Crunchyroll
228,PERSONA5 the Animation,28 chapters,Action,Mistery,Thriller,Supernatural,-,-,-,-,-,Avalible on Crunchyroll
229,PERSONA5 the Animation -THE DAY BREAKERS-,1 chapters,Action,Mistery,Thriller,Supernatural,-,-,-,-,-,Avalible on Crunchyroll
230,Planet With,12 chapters,Action,Comedy,Mecha,Sci-fi,Seinen,-,-,-,-,Avalible on Crunchyroll
231,Plunderer,72 chapters,Action,Fantasy,-,-,-,-,-,-,-,Avalible on Crunchyroll
232,Pop Team Epic,29 chapters,Action,Comedy,-,-,-,-,-,-,-,Avalible on Crunchyroll
233,PUNCH LINE,12 chapters,Action,Comedy,Sci-fi,Supernatural,-,-,-,-,-,Avalible on Crunchyroll
234,Qualidea Code,12 chapters,Action,Supernatural,-,-,-,-,-,-,-,Avalible on Crunchyroll
235,RADIANT,84 chapters,Action,Adventure,Fantasy,Shonen,-,-,-,-,-,Avalible on Crunchyroll
236,Re:ZERO -Starting Life in Another World-,130 chapters,Action,Adventure,Comedy,Fantasy,Romance,Thriller,-,-,-,Avalible on Crunchyroll
237,Re:ZERO -Starting Life in Another World- Cortos,25 chapters,Action,Adventure,Comedy,Fantasy,Romance,Slice of Life,-,-,-,Avalible on Crunchyroll
238,REBORN!,204 chapters,Action,Shonen,Supernatural,-,-,-,-,-,-,Avalible on Crunchyroll
239,Record of Grancrest War,25 chapters,Action,Fantasy,Romance,-,-,-,-,-,-,Avalible on Crunchyroll
240,RErideD: Tokigoe no Derrida,12 chapters,Action,Post Apocalyptic,Sci-fi,Seinen,-,-,-,-,-,Avalible on Crunchyroll
241,Rewrite,24 chapters,Action,Fantasy,Romance,-,-,-,-,-,-,Avalible on Crunchyroll
242,Rock Lee no Seishun Full-Power Ninden,51 chapters,Action,Adventure,Comedy,Shonen,Slice of Life,-,-,-,-,Avalible on Crunchyroll
243,Rokka -Braves of the Six Flowers-,24 chapters,Action,Adventure,Fantasy,Mistery,Thriller,-,-,-,-,Avalible on Crunchyroll
244,Rusted Armors,12 chapters,Action,Adventure,-,-,-,-,-,-,-,Avalible on Crunchyroll
245,RWBY,116 chapters,Action,Adventure,Fantasy,Sci-fi,-,-,-,-,-,Avalible on Crunchyroll
246,RWBY: Ice Queendom,13 chapters,Action,Adventure,Fantasy,Sci-fi,-,-,-,-,-,Avalible on Crunchyroll
247,Sabagebu! -Survival Game Club!-,12 chapters,Action,Comedy,Slice of Life,Sports,-,-,-,-,-,Avalible on Crunchyroll
248,SABIKUI BISCO,24 chapters,Action,Adventure,Fantasy,-,-,-,-,-,-,Avalible on Crunchyroll
249,Saga of Tanya the Evil (Youjo Senki),28 chapters,Action,Adventure,Fantasy,Historical,Thriller,-,-,-,-,Avalible on Crunchyroll
250,Sailor Moon Crystal,39 chapters,Action,Magical Girls,Romance,Shojo,-,-,-,-,-,Avalible on Crunchyroll
251,Saint Seiya - Soul of Gold,13 chapters,Action,Adventure,Fantasy,Shonen,-,-,-,-,-,Avalible on Crunchyroll
252,Saint Seiya Omega,97 chapters,Action,Adventure,Fantasy,Shonen,-,-,-,-,-,Avalible on Crunchyroll
253,Saint Seiya Saintia Sho,10 chapters,Action,Fantasy,Magical Girls,Sci-fi,Shonen,-,-,-,-,Avalible on Crunchyroll
254,Saint Seiya The Lost Canvas,26 chapters,Action,Adventure,Fantasy,Supernatural,-,-,-,-,-,Avalible on Crunchyroll
255,SAINT SEIYA: Knights of the Zodiac,25 chapters,Action,Fantasy,Shonen,-,-,-,-,-,-,Avalible on Crunchyroll
256,SAIYUKI RELOAD BLAST,12 chapters,Action,Adventure,Fantasy,Supernatural,-,-,-,-,-,Avalible on Crunchyroll
257,Saki,38 chapters,Action,Slice of Life,Sports,-,-,-,-,-,-,Avalible on Crunchyroll
258,Scar on the Praeter,13 chapters,Action,Fantasy,-,-,-,-,-,-,-,Avalible on Crunchyroll
259,Scarlet Nexus,52 chapters,Action,Fantasy,Sci-fi,-,-,-,-,-,-,Avalible on Crunchyroll
260,Schoolgirl Strikers,13 chapters,Action,Magical Girls,Sci-fi,Supernatural,-,-,-,-,-,Avalible on Crunchyroll
261,Schwarzes Marken,24 chapters,Action,Historical,Mecha,Post Apocalyptic,Sci-fi,-,-,-,-,Avalible on Crunchyroll
262,Scorching Ping Pong Girls (Shakunetsu no Takkyuu Musume),12 chapters,Action,Comedy,Slice of Life,Sports,-,-,-,-,-,Avalible on Crunchyroll
263,SD GUNDAM WORLD HEROES,24 chapters,Action,-,-,-,-,-,-,-,-,Avalible on Crunchyroll
264,SD Gundam World SANGOKU SOKETSUDEN,10 chapters,Action,Adventure,Mecha,Shonen,-,-,-,-,-,Avalible on Crunchyroll
265,Seiken Tsukai no World Break,12 chapters,Action,Fantasy,Harem,Seinen,-,-,-,-,-,Avalible on Crunchyroll
266,Seirei Gensouki: Spirit Chronicles,27 chapters,Action,Adventure,Fantasy,Harem,-,-,-,-,-,Avalible on Crunchyroll
267,Seirei Tsukai no Bladedance,12 chapters,Action,Comedy,Fantasy,Harem,Romance,-,-,-,-,Avalible on Crunchyroll
268,Sengoku Collection (Parallel World Samurai),26 chapters,Action,Comedy,Fantasy,Historical,-,-,-,-,-,Avalible on Crunchyroll
269,Sengoku Musou,13 chapters,Action,Fantasy,Historical,-,-,-,-,-,-,Avalible on Crunchyroll
270,SENGOKU NIGHT BLOOD,12 chapters,Action,Fantasy,Harem,Historical,Romance,Shojo,Thriller,Supernatural,-,Avalible on Crunchyroll
271,Senyu,26 chapters,Action,Comedy,Fantasy,Shonen,-,-,-,-,-,Avalible on Crunchyroll
272,SEVEN KNIGHTS REVOLUTION: Hero Successor,12 chapters,Action,-,-,-,-,-,-,-,-,Avalible on Crunchyroll
273,Shadowverse,78 chapters,Action,Shonen,-,-,-,-,-,-,-,Avalible on Crunchyroll
274,Shine on! Bakumatsu Bad Boys,12 chapters,Action,Adventure,-,-,-,-,-,-,-,Avalible on Crunchyroll
275,Shokugeki no Soma,55 chapters,Action,Comedy,Shonen,-,-,-,-,-,-,Avalible on Crunchyroll
276,Skeleton Knight in Another World,12 chapters,Action,Fantasy,-,-,-,-,-,-,-,Avalible on Crunchyroll
277,"So I'm a Spider;So What?,48 chapters,Action,Comedy,Fantasy,-,-,-,-,-,-,Avalible on Crunchyroll,;",,,,,,,,,,,
278,Soul Buster,12 chapters,Action,Adventure,Fantasy,Historical,-,-,-,-,-,Avalible on Crunchyroll
279,Spiritpact,22 chapters,Action,Adventure,Seinen,Supernatural,-,-,-,-,-,Avalible on Crunchyroll
280,Squishy Black Clover,8 chapters,Action,Comedy,Fantasy,Shonen,-,-,-,-,-,Avalible on Crunchyroll
281,SSSS.DYNAZENON,12 chapters,Action,Sci-fi,Shonen,-,-,-,-,-,-,Avalible on Crunchyroll
282,SSSS.GRIDMAN,12 chapters,Action,Mecha,Sci-fi,-,-,-,-,-,-,Avalible on Crunchyroll
283,Suisei no Gargantia,17 chapters,Action,Adventure,Fantasy,Mecha,Sci-fi,-,-,-,-,Avalible on Crunchyroll
284,SUPER HXEROS,12 chapters,Action,Comedy,-,-,-,-,-,-,-,Avalible on Crunchyroll
285,Sword Art Online,149 chapters,Action,Adventure,Fantasy,Sci-fi,Thriller,-,-,-,-,Avalible on Crunchyroll
286,Sword Art Online Alternative: Gun Gale Online,13 chapters,Action,Adventure,Sci-fi,-,-,-,-,-,-,Avalible on Crunchyroll
287,Sword of the Stranger,1 chapters,Action,Adventure,Fantasy,-,-,-,-,-,-,Avalible on Crunchyroll
288,Symphogear,65 chapters,Action,Adventure,Idols,Music,Sci-fi,-,-,-,-,Avalible on Crunchyroll
289,Taboo Tattoo,12 chapters,Action,Fantasy,Sci-fi,-,-,-,-,-,-,Avalible on Crunchyroll
290,Taimadou Gakuen 35 Shiken Shoutai,12 chapters,Action,Fantasy,-,-,-,-,-,-,-,Avalible on Crunchyroll
291,takt op.Destiny,25 chapters,Action,Music,-,-,-,-,-,-,-,Avalible on Crunchyroll
292,Tales of Luminaria the Fateful Crossroad,2 chapters,Action,Adventure,Fantasy,-,-,-,-,-,-,Avalible on Crunchyroll
293,Terraformars,26 chapters,Action,Sci-fi,Seinen,Thriller,-,-,-,-,-,Avalible on Crunchyroll
294,Tesla Note,13 chapters,Action,Sci-fi,-,-,-,-,-,-,-,Avalible on Crunchyroll
295,That Time I Got Reincarnated as a Slime,122 chapters,Action,Adventure,Fantasy,Slice of Life,-,-,-,-,-,Avalible on Crunchyroll
296,The Ancient Magus' Bride (Mahou Tsukai no Yome),59 chapters,Action,Adventure,Fantasy,Mistery,Romance,Slice of Life,Supernatural,-,-,Avalible on Crunchyroll
297,The Daily Life of the Immortal King,29 chapters,Action,Comedy,Fantasy,-,-,-,-,-,-,Avalible on Crunchyroll
298,The Garden of Sinners,10 chapters,Action,Seinen,Thriller,Supernatural,-,-,-,-,-,Avalible on Crunchyroll
299,The God of High School,14 chapters,Action,Comedy,-,-,-,-,-,-,-,Avalible on Crunchyroll
300,The Last Summoner,12 chapters,Action,Fantasy,-,-,-,-,-,-,-,Avalible on Crunchyroll
301,The Magnificent KOTOBUKI,12 chapters,Action,Adventure,-,-,-,-,-,-,-,Avalible on Crunchyroll
302,The Millionaire Detective Balance: UNLIMITED,11 chapters,Action,Thriller,-,-,-,-,-,-,-,Avalible on Crunchyroll
303,The Price of Smiles (Egao no Daika),12 chapters,Action,Fantasy,Mecha,Sci-fi,-,-,-,-,-,Avalible on Crunchyroll
304,The Prince of Tennis II OVA vs Genius 10,20 chapters,Action,Shonen,Sports,-,-,-,-,-,-,Avalible on Crunchyroll
305,THE PROMISED NEVERLAND,35 chapters,Action,Fantasy,Mistery,Post Apocalyptic,Sci-fi,Shonen,Thriller,-,-,Avalible on Crunchyroll
306,The Reflection,12 chapters,Action,Adventure,Sci-fi,-,-,-,-,-,-,Avalible on Crunchyroll
307,The Rising of the Shield Hero,88 chapters,Action,Adventure,Fantasy,Seinen,-,-,-,-,-,Avalible on Crunchyroll
308,The Silver Guardian,18 chapters,Action,Fantasy,Sci-fi,Supernatural,-,-,-,-,-,Avalible on Crunchyroll
309,The Slime Diaries,27 chapters,Action,Comedy,Fantasy,Slice of Life,-,-,-,-,-,Avalible on Crunchyroll
310,The Strongest Sage With the Weakest Crest,24 chapters,Action,Fantasy,-,-,-,-,-,-,-,Avalible on Crunchyroll
311,THE UNLIMITED Hyobu Kyosuke,12 chapters,Action,Adventure,Sci-fi,Supernatural,-,-,-,-,-,Avalible on Crunchyroll
312,The World Ends With You,24 chapters,Action,Fantasy,-,-,-,-,-,-,-,Avalible on Crunchyroll
313,The World's Finest Assassin Gets Reincarnated in Another World as an Aristocrat,24 chapters,Action,Fantasy,-,-,-,-,-,-,-,Avalible on Crunchyroll
314,Tiger Mask W,38 chapters,Action,Shonen,Sports,-,-,-,-,-,-,Avalible on Crunchyroll
315,Time Bokan 24,48 chapters,Action,Comedy,Sci-fi,-,-,-,-,-,-,Avalible on Crunchyroll
316,TO BE HERO,12 chapters,Action,Comedy,Fantasy,Supernatural,-,-,-,-,-,Avalible on Crunchyroll
317,To Be Heroine,8 chapters,Action,Comedy,Supernatural,-,-,-,-,-,-,Avalible on Crunchyroll
318,To the Abandoned Sacred Beasts,12 chapters,Action,Fantasy,Shonen,Thriller,Supernatural,-,-,-,-,Avalible on Crunchyroll
319,Toaru Hikuushi e no Koiuta,13 chapters,Action,Adventure,Romance,-,-,-,-,-,-,Avalible on Crunchyroll
320,Tokyo Ghoul,102 chapters,Action,Fantasy,Mistery,Seinen,Thriller,Supernatural,-,-,-,Avalible on Crunchyroll
321,Tokyo Revengers,48 chapters,Action,-,-,-,-,-,-,-,-,Avalible on Crunchyroll
322,Total Eclipse,25 chapters,Action,Adventure,Mecha,Post Apocalyptic,Sci-fi,Thriller,-,-,-,Avalible on Crunchyroll
323,Touken Ranbu - Hanamaru,12 chapters,Action,Comedy,Fantasy,Historical,Slice of Life,-,-,-,-,Avalible on Crunchyroll
324,Tower of God,26 chapters,Action,Adventure,Fantasy,Shonen,-,-,-,-,-,Avalible on Crunchyroll
325,Trapped in a Dating Sim: The World of Otome Games is Tough for Mobs,12 chapters,Action,Sci-fi,-,-,-,-,-,-,-,Avalible on Crunchyroll
326,Triage X,10 chapters,Action,Shonen,-,-,-,-,-,-,-,Avalible on Crunchyroll
327,TRIBE NINE,24 chapters,Action,Sports,-,-,-,-,-,-,-,Avalible on Crunchyroll
328,Trinity Seven,14 chapters,Action,Comedy,Fantasy,Harem,Shonen,Supernatural,-,-,-,Avalible on Crunchyroll
329,Tropical-Rouge! Precure,46 chapters,Action,Shojo,-,-,-,-,-,-,-,Avalible on Crunchyroll
330,Try Knights,12 chapters,Action,Shojo,Sports,-,-,-,-,-,-,Avalible on Crunchyroll
331,Tsukimonogatari,1 chapters,Action,Comedy,Fantasy,Harem,Supernatural,-,-,-,-,Avalible on Crunchyroll
332,Twin Angels BREAK,12 chapters,Action,Magical Girls,Shonen,Supernatural,-,-,-,-,-,Avalible on Crunchyroll
333,Twin Star Exorcists,50 chapters,Action,Adventure,Fantasy,Romance,Shonen,Supernatural,-,-,-,Avalible on Crunchyroll
334,TWOCAR,12 chapters,Action,Seinen,Sports,-,-,-,-,-,-,Avalible on Crunchyroll
335,Ulysses: Jeanne d'Arc and the Alchemist Knight,12 chapters,Action,Fantasy,Historical,-,-,-,-,-,-,Avalible on Crunchyroll
336,Upotte!!,10 chapters,Action,Comedy,Seinen,Slice of Life,-,-,-,-,-,Avalible on Crunchyroll
337,URAHARA,12 chapters,Action,Adventure,Comedy,Sci-fi,Slice of Life,-,-,-,-,Avalible on Crunchyroll
338,W'z,13 chapters,Action,Adventure,Supernatural,-,-,-,-,-,-,Avalible on Crunchyroll
339,Walkure Romanze,12 chapters,Action,Harem,Romance,Sports,-,-,-,-,-,Avalible on Crunchyroll
340,Witch Craft Works,12 chapters,Action,Fantasy,Seinen,Supernatural,-,-,-,-,-,Avalible on Crunchyroll
341,Wonder Momo,5 chapters,Action,Idols,Magical Girls,Sci-fi,-,-,-,-,-,Avalible on Crunchyroll
342,World Trigger,99 chapters,Action,Fantasy,Sci-fi,Shonen,Supernatural,-,-,-,-,Avalible on Crunchyroll
343,Xuan Yuan Sword Luminary,13 chapters,Action,Adventure,Fantasy,Historical,Supernatural,-,-,-,-,Avalible on Crunchyroll
344,Yowamushi Pedal New Generation,50 chapters,Action,Shonen,Sports,-,-,-,-,-,-,Avalible on Crunchyroll
345,Yowapeda,65 chapters,Action,Shonen,Sports,-,-,-,-,-,-,Avalible on Crunchyroll
346,Yu-Gi-Oh!,2 chapters,Action,Adventure,Fantasy,Shonen,Supernatural,-,-,-,-,Avalible on Crunchyroll
347,Yu-Gi-Oh! VRAINS,120 chapters,Action,Comedy,Fantasy,Sci-fi,Shonen,-,-,-,-,Avalible on Crunchyroll
348,Yuki Yuna wa Yusha de Aru,12 chapters,Action,Adventure,Fantasy,Magical Girls,Supernatural,-,-,-,-,Avalible on Crunchyroll
349,A Place Further Than the Universe,13 chapters,Adventure,Comedy,Seinen,Slice of Life,-,-,-,-,-,Avalible on Crunchyroll
350,ACCA: 13-Territory Inspection Dept.,13 chapters,Adventure,Mistery,Sci-fi,Thriller,-,-,-,-,-,Avalible on Crunchyroll
351,Akatsuki no Yona,24 chapters,Adventure,Fantasy,Romance,Shojo,Supernatural,-,-,-,-,Avalible on Crunchyroll
352,APPARE-RANMAN,13 chapters,Adventure,-,-,-,-,-,-,-,-,Avalible on Crunchyroll
353,Ascendance of a Bookworm,52 chapters,Adventure,Fantasy,-,-,-,-,-,-,-,Avalible on Crunchyroll
354,Cardcaptor Sakura: Clear Card,23 chapters,Adventure,Comedy,Magical Girls,Shojo,-,-,-,-,-,Avalible on Crunchyroll
355,Death March to the Parallel World Rhapsody,36 chapters,Adventure,Fantasy,Harem,Slice of Life,-,-,-,-,-,Avalible on Crunchyroll
356,Detective Conan,123 chapters,Adventure,Thriller,-,-,-,-,-,-,-,Avalible on Crunchyroll
357,Digimon Adventure tri,26 chapters,Adventure,Sci-fi,-,-,-,-,-,-,-,Avalible on Crunchyroll
358,Dimension High School,12 chapters,Adventure,Mistery,-,-,-,-,-,-,-,Avalible on Crunchyroll
359,elDLIVE,12 chapters,Adventure,Sci-fi,-,-,-,-,-,-,-,Avalible on Crunchyroll
360,Fairies Album,11 chapters,Adventure,Fantasy,-,-,-,-,-,-,-,Avalible on Crunchyroll
361,Gosick,24 chapters,Adventure,Mistery,Romance,-,-,-,-,-,-,Avalible on Crunchyroll
362,GRANBLUE FANTASY The Animation,28 chapters,Adventure,Fantasy,-,-,-,-,-,-,-,Avalible on Crunchyroll
363,Grimgar of Fantasy and Ash,12 chapters,Adventure,Fantasy,-,-,-,-,-,-,-,Avalible on Crunchyroll
364,HAKYU HOSHIN ENGI,25 chapters,Adventure,Fantasy,Shonen,Supernatural,-,-,-,-,-,Avalible on Crunchyroll
365,Historias tradicionales japonesas para la reconstrucción de los pueblos,300 chapters,Adventure,Comedy,Fantasy,Historical,Supernatural,-,-,-,-,Avalible on Crunchyroll
366,Hortensia SAGA,12 chapters,Adventure,Fantasy,-,-,-,-,-,-,-,Avalible on Crunchyroll
367,How a Realist Hero Rebuilt the Kingdom,39 chapters,Adventure,Fantasy,-,-,-,-,-,-,-,Avalible on Crunchyroll
368,Is It Wrong to Try to Pick Up Girls in a Dungeon? (Danmachi),25 chapters,Adventure,Comedy,Fantasy,Harem,-,-,-,-,-,Avalible on Crunchyroll
369,Isekai Cheat Magician,13 chapters,Adventure,Fantasy,-,-,-,-,-,-,-,Avalible on Crunchyroll
370,Kamisama no Inai Nichiyoubi,12 chapters,Adventure,Fantasy,Mistery,Post Apocalyptic,Supernatural,-,-,-,-,Avalible on Crunchyroll
371,Keep Your Hands Off Eizouken!,24 chapters,Adventure,Comedy,Slice of Life,-,-,-,-,-,-,Avalible on Crunchyroll
372,Kemono Friends,24 chapters,Adventure,Comedy,Fantasy,Post Apocalyptic,-,-,-,-,-,Avalible on Crunchyroll
373,KONOSUBA -God's blessing on this wonderful world!,45 chapters,Adventure,Comedy,Fantasy,Supernatural,-,-,-,-,-,Avalible on Crunchyroll
374,Laid-Back Camp,50 chapters,Adventure,Comedy,Slice of Life,-,-,-,-,-,-,Avalible on Crunchyroll
375,Listeners,24 chapters,Adventure,Music,-,-,-,-,-,-,-,Avalible on Crunchyroll
376,Maoyu,12 chapters,Adventure,Fantasy,Romance,-,-,-,-,-,-,Avalible on Crunchyroll
377,Monster Hunter Stories Ride On,48 chapters,Adventure,Fantasy,-,-,-,-,-,-,-,Avalible on Crunchyroll
378,Muromi-san,13 chapters,Adventure,Comedy,Fantasy,-,-,-,-,-,-,Avalible on Crunchyroll
379,MUSHI-SHI,22 chapters,Adventure,Fantasy,Seinen,Slice of Life,Supernatural,-,-,-,-,Avalible on Crunchyroll
380,Mushoku Tensei Jobless Reincarnation,70 chapters,Adventure,Fantasy,-,-,-,-,-,-,-,Avalible on Crunchyroll
381,NAMUAMIDABUTSU! -UTENA-,12 chapters,Adventure,Fantasy,-,-,-,-,-,-,-,Avalible on Crunchyroll
382,Natsume Yujin-cho 5,14 chapters,Adventure,Slice of Life,Supernatural,-,-,-,-,-,-,Avalible on Crunchyroll
383,Nobunaga Kyousoukyoku,10 chapters,Adventure,Comedy,Historical,Romance,Shonen,-,-,-,-,Avalible on Crunchyroll
384,Our Last Crusade or the Rise of a New World,24 chapters,Adventure,Fantasy,Romance,-,-,-,-,-,-,Avalible on Crunchyroll
385,Princess Connect! Re: Dive,25 chapters,Adventure,Comedy,Fantasy,-,-,-,-,-,-,Avalible on Crunchyroll
386,SAKUGAN,24 chapters,Adventure,Sci-fi,-,-,-,-,-,-,-,Avalible on Crunchyroll
387,Shonen Ashibe GO! GO! Goma-chan,120 chapters,Adventure,Comedy,Slice of Life,-,-,-,-,-,-,Avalible on Crunchyroll
388,Somali and the Forest Spirit,13 chapters,Adventure,Fantasy,-,-,-,-,-,-,-,Avalible on Crunchyroll
389,Sora to Umi no Aida (Between the Sky and Sea),12 chapters,Adventure,Sci-fi,Slice of Life,-,-,-,-,-,-,Avalible on Crunchyroll
390,Sorcerous Stabber Orphen,25 chapters,Adventure,Fantasy,-,-,-,-,-,-,-,Avalible on Crunchyroll
391,Soredemo Sekai wa Utsukushii,12 chapters,Adventure,Fantasy,Romance,Shojo,-,-,-,-,-,Avalible on Crunchyroll
392,Taisho Mebiusline Chicchaisan,12 chapters,Adventure,Historical,Supernatural,-,-,-,-,-,-,Avalible on Crunchyroll
393,The 8th son? Are you kidding me?,12 chapters,Adventure,Fantasy,Harem,-,-,-,-,-,-,Avalible on Crunchyroll
394,The Dawn of the Witch,12 chapters,Adventure,Fantasy,-,-,-,-,-,-,-,Avalible on Crunchyroll
395,The Faraway Paladin,26 chapters,Adventure,Fantasy,-,-,-,-,-,-,-,Avalible on Crunchyroll
396,The Greatest Demon Lord is Reborn as a Typical Nobody,25 chapters,Adventure,Comedy,Fantasy,-,-,-,-,-,-,Avalible on Crunchyroll
397,The Irresponsible Galaxy Tylor,12 chapters,Adventure,Comedy,Sci-fi,-,-,-,-,-,-,Avalible on Crunchyroll
398,The Journey Home,26 chapters,Adventure,Comedy,Sci-fi,-,-,-,-,-,-,Avalible on Crunchyroll
399,The Master of Ragnarok & Blesser of Einherjar,12 chapters,Adventure,Fantasy,Harem,-,-,-,-,-,-,Avalible on Crunchyroll
400,The Misfit of Demon King Academy,13 chapters,Adventure,Fantasy,Romance,Shonen,-,-,-,-,-,Avalible on Crunchyroll
401,The Sprites of Floria,1 chapters,Adventure,Fantasy,-,-,-,-,-,-,-,Avalible on Crunchyroll
402,This Boy is a Professional Wizard,4 chapters,Adventure,Fantasy,Romance,-,-,-,-,-,-,Avalible on Crunchyroll
403,Toriko,146 chapters,Adventure,Fantasy,Shonen,-,-,-,-,-,-,Avalible on Crunchyroll
404,TSUKIMICHI -Moonlit Fantasy-,37 chapters,Adventure,Fantasy,-,-,-,-,-,-,-,Avalible on Crunchyroll
405,Uchuu Kyoudai,99 chapters,Adventure,Comedy,Sci-fi,Seinen,Slice of Life,-,-,-,-,Avalible on Crunchyroll
406,Wise Man's Grandchild,36 chapters,Adventure,Fantasy,Romance,Seinen,-,-,-,-,-,Avalible on Crunchyroll
407,Woodpecker Detective's Office,12 chapters,Adventure,Historical,Mistery,Thriller,-,-,-,-,-,Avalible on Crunchyroll
408,Yashahime: Princess Half-Demon,96 chapters,Adventure,Fantasy,-,-,-,-,-,-,-,Avalible on Crunchyroll
409,YUREI DECO,12 chapters,Adventure,Sci-fi,-,-,-,-,-,-,-,Avalible on Crunchyroll
410,A Centaur's Life (Centaur no Nayami),12 chapters,Comedy,Fantasy,Romance,Seinen,Slice of Life,-,-,-,-,Avalible on Crunchyroll
411,A Couple of Cuckoos,44 chapters,Comedy,Romance,-,-,-,-,-,-,-,Avalible on Crunchyroll
412,A Destructive God Sits Next to Me,12 chapters,Comedy,Slice of Life,-,-,-,-,-,-,-,Avalible on Crunchyroll
413,A Sister's All You Need.,12 chapters,Comedy,Harem,Slice of Life,-,-,-,-,-,-,Avalible on Crunchyroll
414,ABCiee Working Diary,12 chapters,Comedy,Slice of Life,-,-,-,-,-,-,-,Avalible on Crunchyroll
415,Ace Attorney,47 chapters,Comedy,Mistery,Shonen,-,-,-,-,-,-,Avalible on Crunchyroll
416,Aharen-san wa Hakarenai,24 chapters,Comedy,Romance,Slice of Life,-,-,-,-,-,-,Avalible on Crunchyroll
417,AHO-GIRL,12 chapters,Comedy,Slice of Life,-,-,-,-,-,-,-,Avalible on Crunchyroll
418,Ai-Mai-Mi,13 chapters,Comedy,Slice of Life,-,-,-,-,-,-,-,Avalible on Crunchyroll
419,Ai-Mai-Mi Mousou Catastrophe,12 chapters,Comedy,Slice of Life,-,-,-,-,-,-,-,Avalible on Crunchyroll
420,Ai-Mai-Mi Surgical Friends,12 chapters,Comedy,Slice of Life,-,-,-,-,-,-,-,Avalible on Crunchyroll
421,AIURA,12 chapters,Comedy,Slice of Life,-,-,-,-,-,-,-,Avalible on Crunchyroll
422,Amanchu!,25 chapters,Comedy,Slice of Life,-,-,-,-,-,-,-,Avalible on Crunchyroll
423,AMAZING STRANGER,12 chapters,Comedy,Romance,-,-,-,-,-,-,-,Avalible on Crunchyroll
424,And you thought there is never a girl online?,12 chapters,Comedy,Romance,-,-,-,-,-,-,-,Avalible on Crunchyroll
425,Angel's 3Piece!,12 chapters,Comedy,Music,Slice of Life,-,-,-,-,-,-,Avalible on Crunchyroll
426,Anima Yell!,12 chapters,Comedy,Slice of Life,Sports,-,-,-,-,-,-,Avalible on Crunchyroll
427,Anime De Training! Ex,24 chapters,Comedy,Slice of Life,-,-,-,-,-,-,-,Avalible on Crunchyroll
428,Anime-Gataris,12 chapters,Comedy,Slice of Life,-,-,-,-,-,-,-,Avalible on Crunchyroll
429,Anne-Happy,12 chapters,Comedy,Slice of Life,-,-,-,-,-,-,-,Avalible on Crunchyroll
430,Ao-chan Can't Study!,12 chapters,Comedy,Romance,-,-,-,-,-,-,-,Avalible on Crunchyroll
431,AOKANA: Four Rhythm Across the Blue,12 chapters,Comedy,Sci-fi,Sports,-,-,-,-,-,-,Avalible on Crunchyroll
432,Aooni The Blue Monster,14 chapters,Comedy,Thriller,Supernatural,-,-,-,-,-,-,Avalible on Crunchyroll
433,Are You Lost?,12 chapters,Comedy,-,-,-,-,-,-,-,-,Avalible on Crunchyroll
434,Armor Shop for Ladies & Gentlemen,24 chapters,Comedy,Fantasy,-,-,-,-,-,-,-,Avalible on Crunchyroll
435,Asobi Asobase - workshop of fun -,12 chapters,Comedy,Slice of Life,-,-,-,-,-,-,-,Avalible on Crunchyroll
436,Asteroid in Love,13 chapters,Comedy,Romance,Slice of Life,-,-,-,-,-,-,Avalible on Crunchyroll
437,Aware! Meisaku-kun,37 chapters,Comedy,-,-,-,-,-,-,-,-,Avalible on Crunchyroll
438,AzurLane: Slow Ahead!,12 chapters,Comedy,-,-,-,-,-,-,-,-,Avalible on Crunchyroll
439,Bananya,26 chapters,Comedy,Slice of Life,-,-,-,-,-,-,-,Avalible on Crunchyroll
440,Beelzebub-jou no Okinimesu Mama,12 chapters,Comedy,Fantasy,Romance,Slice of Life,-,-,-,-,-,Avalible on Crunchyroll
441,Binan Koukou Chikyuu Bouei-bu LOVE!,37 chapters,Comedy,Slice of Life,-,-,-,-,-,-,-,Avalible on Crunchyroll
442,BLEND-S,12 chapters,Comedy,Slice of Life,-,-,-,-,-,-,-,Avalible on Crunchyroll
443,"Boku no Imouto wa ""Osaka Okan"",12 chapters,Comedy,Slice of Life,-,-,-,-,-,-,-,Avalible on Crunchyroll,;",,,,,,,,,,,
444,Bono Bono,104 chapters,Comedy,Slice of Life,-,-,-,-,-,-,-,Avalible on Crunchyroll
445,Brothers Conflict,12 chapters,Comedy,Harem,Romance,-,-,-,-,-,-,Avalible on Crunchyroll
446,Bungo Stray Dogs WAN!,12 chapters,Comedy,-,-,-,-,-,-,-,-,Avalible on Crunchyroll
447,Campione!,13 chapters,Comedy,Fantasy,Harem,Romance,-,-,-,-,-,Avalible on Crunchyroll
448,Cells at Work!,22 chapters,Comedy,-,-,-,-,-,-,-,-,Avalible on Crunchyroll
449,Cells at Work! CODE BLACK,13 chapters,Comedy,-,-,-,-,-,-,-,-,Avalible on Crunchyroll
450,Charlotte,13 chapters,Comedy,Romance,-,-,-,-,-,-,-,Avalible on Crunchyroll
451,CHERRY MAGIC! THIRTY YEARS OF VIRGINITY CAN MAKE YOU A WIZARD?!,14 chapters,Comedy,Romance,Slice of Life,-,-,-,-,-,-,Avalible on Crunchyroll
452,Chio's School Road,12 chapters,Comedy,Slice of Life,-,-,-,-,-,-,-,Avalible on Crunchyroll
453,Chiruran 1/2,12 chapters,Comedy,Slice of Life,-,-,-,-,-,-,-,Avalible on Crunchyroll
454,Chitose get you!,26 chapters,Comedy,Romance,Slice of Life,-,-,-,-,-,-,Avalible on Crunchyroll
455,Clean Freak! Aoyama kun,12 chapters,Comedy,Slice of Life,Sports,-,-,-,-,-,-,Avalible on Crunchyroll
456,Combatants Will Be Dispatched,72 chapters,Comedy,Sci-fi,-,-,-,-,-,-,-,Avalible on Crunchyroll
457,Comic Girls,12 chapters,Comedy,Slice of Life,-,-,-,-,-,-,-,Avalible on Crunchyroll
458,Comical Psychosomatic Medicine,20 chapters,Comedy,Slice of Life,-,-,-,-,-,-,-,Avalible on Crunchyroll
459,Crane Game Girls,25 chapters,Comedy,Sci-fi,-,-,-,-,-,-,-,Avalible on Crunchyroll
460,Crossing Time,12 chapters,Comedy,Romance,Slice of Life,-,-,-,-,-,-,Avalible on Crunchyroll
461,Da Capo III,13 chapters,Comedy,Harem,Romance,-,-,-,-,-,-,Avalible on Crunchyroll
462,Dagashi Kashi,12 chapters,Comedy,Romance,Slice of Life,-,-,-,-,-,-,Avalible on Crunchyroll
463,Danchigai,12 chapters,Comedy,Slice of Life,-,-,-,-,-,-,-,Avalible on Crunchyroll
464,Days of Urashimasakatasen,12 chapters,Comedy,-,-,-,-,-,-,-,-,Avalible on Crunchyroll
465,DD Hokuto no Ken,25 chapters,Comedy,Fantasy,Shonen,Slice of Life,-,-,-,-,-,Avalible on Crunchyroll
466,Denki-gai,12 chapters,Comedy,Slice of Life,-,-,-,-,-,-,-,Avalible on Crunchyroll
467,Didn't I say to make my abilities average in the next life,12 chapters,Comedy,Fantasy,-,-,-,-,-,-,-,Avalible on Crunchyroll
468,Don't Call Us A JUNK GAME!,12 chapters,Comedy,-,-,-,-,-,-,-,-,Avalible on Crunchyroll
469,"Don't Hurt Me; My Healer!,12 chapters,Comedy,Fantasy,-,-,-,-,-,-,-,Avalible on Crunchyroll,;",,,,,,,,,,,
470,"DON'T TOY WITH ME; MISS NAGATORO,26 chapters,Comedy,Romance,Slice of Life,-,-,-,-,-,-,Avalible on Crunchyroll,;",,,,,,,,,,,
471,Donyatsu,12 chapters,Comedy,Post Apocalyptic,-,-,-,-,-,-,-,Avalible on Crunchyroll
472,Dr. Ramune -Mysterious Disease Specialist-,12 chapters,Comedy,Fantasy,Supernatural,-,-,-,-,-,-,Avalible on Crunchyroll
473,Dropkick on My Devil!!,33 chapters,Comedy,Slice of Life,Supernatural,-,-,-,-,-,-,Avalible on Crunchyroll
474,Dropout Idol Fruit Tart,24 chapters,Comedy,Music,-,-,-,-,-,-,-,Avalible on Crunchyroll
475,Drug Store in Another World - The Slow Life of a Cheat Pharmacist,12 chapters,Comedy,Fantasy,Slice of Life,-,-,-,-,-,-,Avalible on Crunchyroll
476,EAGLE TALON ~Golden Spell~,12 chapters,Comedy,-,-,-,-,-,-,-,-,Avalible on Crunchyroll
477,El diario fotográfico Yokai de Kiitaro,12 chapters,Comedy,Fantasy,Supernatural,-,-,-,-,-,-,Avalible on Crunchyroll
478,Extra Olympia Kyklos,24 chapters,Comedy,Fantasy,Historical,-,-,-,-,-,-,Avalible on Crunchyroll
479,Fastest Finger First  (Nana Maru San Batsu),12 chapters,Comedy,Seinen,Sports,-,-,-,-,-,-,Avalible on Crunchyroll
480,Fate/Grand Carnival,2 chapters,Comedy,Fantasy,-,-,-,-,-,-,-,Avalible on Crunchyroll
481,Flying Witch,12 chapters,Comedy,Fantasy,Shonen,Slice of Life,Supernatural,-,-,-,-,Avalible on Crunchyroll
482,Fruits Basket,164 chapters,Comedy,Shojo,Slice of Life,Supernatural,-,-,-,-,-,Avalible on Crunchyroll
483,Fudanshi Koukou Seikatsu (La vida de preparatoria de un Fudanshi),12 chapters,Comedy,Shojo,Slice of Life,-,-,-,-,-,-,Avalible on Crunchyroll
484,Fukigen na Mononokean (The Morose Mononokean),26 chapters,Comedy,Slice of Life,Supernatural,-,-,-,-,-,-,Avalible on Crunchyroll
485,Fushigi na Somera-chan,12 chapters,Comedy,-,-,-,-,-,-,-,-,Avalible on Crunchyroll
486,Gabriel DropOut,12 chapters,Comedy,Shonen,Slice of Life,Supernatural,-,-,-,-,-,Avalible on Crunchyroll
487,Gakuen Babysitters,13 chapters,Comedy,Shojo,Slice of Life,-,-,-,-,-,-,Avalible on Crunchyroll
488,Gakuen Handsome,12 chapters,Comedy,Romance,Slice of Life,-,-,-,-,-,-,Avalible on Crunchyroll
489,GAMERS!,12 chapters,Comedy,Romance,Slice of Life,-,-,-,-,-,-,Avalible on Crunchyroll
490,gdgd Fairies,24 chapters,Comedy,Fantasy,-,-,-,-,-,-,-,Avalible on Crunchyroll
491,Genie Family 2020,20 chapters,Comedy,Fantasy,-,-,-,-,-,-,-,Avalible on Crunchyroll
492,Genshiken Nidaime,13 chapters,Comedy,Seinen,Slice of Life,-,-,-,-,-,-,Avalible on Crunchyroll
493,Girlfriend; Girlfriend,12 chapters,Comedy,Romance,-,-,-,-,-,-,-,Avalible on Crunchyroll
494,GLOOMY THE NAUGHTY GRIZZLY,12 chapters,Comedy,-,-,-,-,-,-,-,-,Avalible on Crunchyroll
495,Gochūmon wa Usagi Desu ka?,12 chapters,Comedy,Slice of Life,-,-,-,-,-,-,-,Avalible on Crunchyroll
496,Golden Time,24 chapters,Comedy,Romance,Slice of Life,-,-,-,-,-,-,Avalible on Crunchyroll
497,Grand Blues!,12 chapters,Comedy,Fantasy,-,-,-,-,-,-,-,Avalible on Crunchyroll
498,GTO - The Animation,43 chapters,Comedy,Shonen,Slice of Life,-,-,-,-,-,-,Avalible on Crunchyroll
499,Gurazeni: Money Pitch,24 chapters,Comedy,Seinen,Sports,-,-,-,-,-,-,Avalible on Crunchyroll
500,Haiyore! Nyaruko-san,24 chapters,Comedy,Harem,Romance,Supernatural,-,-,-,-,-,Avalible on Crunchyroll
501,Hakata Mentai! Pirikarako-chan,12 chapters,Comedy,Slice of Life,-,-,-,-,-,-,-,Avalible on Crunchyroll
502,Hakone-chan,13 chapters,Comedy,Slice of Life,Supernatural,-,-,-,-,-,-,Avalible on Crunchyroll
503,Hanabichan ~The girl who popped out of the game world~,12 chapters,Comedy,Slice of Life,-,-,-,-,-,-,-,Avalible on Crunchyroll
504,Hanayamata,12 chapters,Comedy,Seinen,Slice of Life,-,-,-,-,-,-,Avalible on Crunchyroll
505,Handa-kun,24 chapters,Comedy,Slice of Life,-,-,-,-,-,-,-,Avalible on Crunchyroll
506,Heaven's Design Team,13 chapters,Comedy,Fantasy,-,-,-,-,-,-,-,Avalible on Crunchyroll
507,Hensuki - Are you willing to fall in love with a pervert; as long as she’s a cut,12 chapters,Comedy,Romance,-,-,-,-,-,-,-,Avalible on Crunchyroll
508,Hetalia,2 chapters,Comedy,Historical,-,-,-,-,-,-,-,Avalible on Crunchyroll
509,HEYBOT!,50 chapters,Comedy,Sci-fi,-,-,-,-,-,-,-,Avalible on Crunchyroll
510,High Guardian Spice,12 chapters,Comedy,Fantasy,-,-,-,-,-,-,-,Avalible on Crunchyroll
511,Himegoto,13 chapters,Comedy,Harem,Slice of Life,-,-,-,-,-,-,Avalible on Crunchyroll
512,HIMOTE HOUSE: A share house of super psychic girls,12 chapters,Comedy,-,-,-,-,-,-,-,-,Avalible on Crunchyroll
513,Hinako Note,12 chapters,Comedy,Slice of Life,-,-,-,-,-,-,-,Avalible on Crunchyroll
514,HINAMATSURI,12 chapters,Comedy,Slice of Life,Supernatural,-,-,-,-,-,-,Avalible on Crunchyroll
515,Historia Gatuna Japonesa (Neko Neko Nihonshi),96 chapters,Comedy,Historical,-,-,-,-,-,-,-,Avalible on Crunchyroll
516,Hitoribocchi no Marumaruseikatsu,12 chapters,Comedy,Shonen,Slice of Life,-,-,-,-,-,-,Avalible on Crunchyroll
517,How clumsy you are; Miss Ueno.,12 chapters,Comedy,Romance,-,-,-,-,-,-,-,Avalible on Crunchyroll
518,How to Keep a Mummy,12 chapters,Comedy,Slice of Life,Supernatural,-,-,-,-,-,-,Avalible on Crunchyroll
519,I'M KODAMA KAWASHIRI,23 chapters,Comedy,-,-,-,-,-,-,-,-,Avalible on Crunchyroll
520,Idol Time Pripara,43 chapters,Comedy,Idols,Music,Shojo,-,-,-,-,-,Avalible on Crunchyroll
521,Ikemen Sengoku,12 chapters,Comedy,Historical,Romance,-,-,-,-,-,-,Avalible on Crunchyroll
522,In the Heart of Kunoichi Tsubaki,13 chapters,Comedy,-,-,-,-,-,-,-,-,Avalible on Crunchyroll
523,Interviews With Monster Girls (Demi-chan wa Kataritai),26 chapters,Comedy,Seinen,Slice of Life,Supernatural,-,-,-,-,-,Avalible on Crunchyroll
524,Inugami-san to Nekoyama-san,12 chapters,Comedy,Romance,-,-,-,-,-,-,-,Avalible on Crunchyroll
525,ISEKAI QUARTET,24 chapters,Comedy,Fantasy,-,-,-,-,-,-,-,Avalible on Crunchyroll
526,Jingai-san no Yome,12 chapters,Comedy,Romance,Slice of Life,-,-,-,-,-,-,Avalible on Crunchyroll
527,Jitsu wa Watashi wa,13 chapters,Comedy,Romance,Supernatural,-,-,-,-,-,-,Avalible on Crunchyroll
528,JK-MESHI!,26 chapters,Comedy,Slice of Life,-,-,-,-,-,-,-,Avalible on Crunchyroll
529,Joshi Kausei,12 chapters,Comedy,Slice of Life,-,-,-,-,-,-,-,Avalible on Crunchyroll
530,KAGINADO,24 chapters,Comedy,-,-,-,-,-,-,-,-,Avalible on Crunchyroll
531,KAGUYA-SAMA: LOVE IS WAR,74 chapters,Comedy,Romance,Seinen,-,-,-,-,-,-,Avalible on Crunchyroll
532,KAIJU GIRLS,24 chapters,Comedy,Fantasy,Sci-fi,-,-,-,-,-,-,Avalible on Crunchyroll
533,Kakushigoto,12 chapters,Comedy,-,-,-,-,-,-,-,-,Avalible on Crunchyroll
534,Kami nomi zo Shiru Sekai,36 chapters,Comedy,Harem,Romance,Supernatural,-,-,-,-,-,Avalible on Crunchyroll
535,Kamisama Hajimemashita,25 chapters,Comedy,Romance,Supernatural,-,-,-,-,-,-,Avalible on Crunchyroll
536,Kanojo ga Flag wo Oraretara,13 chapters,Comedy,Harem,Romance,Slice of Life,-,-,-,-,-,Avalible on Crunchyroll
537,KARAKAI JOZU NO TAKAGI-SAN,12 chapters,Comedy,Romance,Slice of Life,-,-,-,-,-,-,Avalible on Crunchyroll
538,Kemono Michi: Rise Up,12 chapters,Comedy,Sports,-,-,-,-,-,-,-,Avalible on Crunchyroll
539,KINMOZA!,12 chapters,Comedy,Slice of Life,-,-,-,-,-,-,-,Avalible on Crunchyroll
540,Kiratto Pri☆chan,51 chapters,Comedy,Idols,Music,Shojo,-,-,-,-,-,Avalible on Crunchyroll
541,Kiss Him; Not Me,24 chapters,Comedy,Harem,Romance,Shojo,-,-,-,-,-,Avalible on Crunchyroll
542,Kitakubu Katsudou Kiroku,12 chapters,Comedy,Slice of Life,-,-,-,-,-,-,-,Avalible on Crunchyroll
543,Koikimo,12 chapters,Comedy,Romance,-,-,-,-,-,-,-,Avalible on Crunchyroll
544,Kokoro Connect,13 chapters,Comedy,Romance,Slice of Life,Supernatural,-,-,-,-,-,Avalible on Crunchyroll
545,Komori-san wa Kotowarenai!,13 chapters,Comedy,Slice of Life,-,-,-,-,-,-,-,Avalible on Crunchyroll
546,Kono Bijutsubu ni wa Mondai ga Aru! (¡Este club de arte tiene un problema!),12 chapters,Comedy,Seinen,Slice of Life,-,-,-,-,-,-,Avalible on Crunchyroll
547,KONOHANA KITAN,12 chapters,Comedy,Fantasy,Seinen,Slice of Life,-,-,-,-,-,Avalible on Crunchyroll
548,Koro Sensei Quest!,12 chapters,Comedy,Fantasy,Shonen,-,-,-,-,-,-,Avalible on Crunchyroll
549,Kotoura-San,12 chapters,Comedy,Romance,Supernatural,-,-,-,-,-,-,Avalible on Crunchyroll
550,Kuma Kuma Kuma Bear,12 chapters,Comedy,Fantasy,Slice of Life,-,-,-,-,-,-,Avalible on Crunchyroll
551,La familia Nameko,13 chapters,Comedy,Slice of Life,-,-,-,-,-,-,-,Avalible on Crunchyroll
552,Late night! The Genius Bakabon,12 chapters,Comedy,Slice of Life,-,-,-,-,-,-,-,Avalible on Crunchyroll
553,Life Lessons with Uramichi Oniisan,39 chapters,Comedy,Slice of Life,-,-,-,-,-,-,-,Avalible on Crunchyroll
554,Life With an Ordinary Guy Who Reincarnated Into a Total Fantasy Knockout,12 chapters,Comedy,Fantasy,-,-,-,-,-,-,-,Avalible on Crunchyroll
555,Litchi Hikari Club,8 chapters,Comedy,Romance,-,-,-,-,-,-,-,Avalible on Crunchyroll
556,Locodol,15 chapters,Comedy,Music,Seinen,Slice of Life,-,-,-,-,-,Avalible on Crunchyroll
557,Love After World Domination,24 chapters,Comedy,Romance,-,-,-,-,-,-,-,Avalible on Crunchyroll
558,Love is Like a Cocktail,13 chapters,Comedy,Romance,Seinen,Slice of Life,-,-,-,-,-,Avalible on Crunchyroll
559,Love Live! Nijigasaki High School Idol Club,26 chapters,Comedy,Idols,Music,Slice of Life,-,-,-,-,-,Avalible on Crunchyroll
560,Love Live! Sunshine!!,26 chapters,Comedy,Idols,Music,Slice of Life,-,-,-,-,-,Avalible on Crunchyroll
561,Love Rice,24 chapters,Comedy,Slice of Life,-,-,-,-,-,-,-,Avalible on Crunchyroll
562,Love To-LIE-Angle,12 chapters,Comedy,Romance,-,-,-,-,-,-,-,Avalible on Crunchyroll
563,Love Tyrant (Renai Bokun),12 chapters,Comedy,Fantasy,Harem,Romance,Supernatural,-,-,-,-,Avalible on Crunchyroll
564,Lovely Muuuuuuuco!,25 chapters,Comedy,Slice of Life,-,-,-,-,-,-,-,Avalible on Crunchyroll
565,Magical Girl Ore,12 chapters,Comedy,Fantasy,Romance,-,-,-,-,-,-,Avalible on Crunchyroll
566,Magical Sempai,12 chapters,Comedy,-,-,-,-,-,-,-,-,Avalible on Crunchyroll
567,Magimoji Rurumo,14 chapters,Comedy,Supernatural,-,-,-,-,-,-,-,Avalible on Crunchyroll
568,Mahjong Soul Pon☆,12 chapters,Comedy,Sports,-,-,-,-,-,-,-,Avalible on Crunchyroll
569,Mahou Shoujo Nante Mouiidesukara,24 chapters,Comedy,Fantasy,-,-,-,-,-,-,-,Avalible on Crunchyroll
570,Makeruna!! Aku no Gundan!,12 chapters,Comedy,Sci-fi,Shonen,-,-,-,-,-,-,Avalible on Crunchyroll
571,Mangirl!,13 chapters,Comedy,Shonen,-,-,-,-,-,-,-,Avalible on Crunchyroll
572,Marmalade Boy,76 chapters,Comedy,Romance,Shojo,-,-,-,-,-,-,Avalible on Crunchyroll
573,Marudase Kintaro,1 chapters,Comedy,Romance,-,-,-,-,-,-,-,Avalible on Crunchyroll
574,Masamune-kun's Revenge,13 chapters,Comedy,Romance,-,-,-,-,-,-,-,Avalible on Crunchyroll
575,Mieruko-chan,24 chapters,Comedy,Supernatural,-,-,-,-,-,-,-,Avalible on Crunchyroll
576,Military!,12 chapters,Comedy,-,-,-,-,-,-,-,-,Avalible on Crunchyroll
577,Miss Bernard said.,12 chapters,Comedy,Slice of Life,-,-,-,-,-,-,-,Avalible on Crunchyroll
578,Miss Caretaker of Sunohara-sou,12 chapters,Comedy,Slice of Life,-,-,-,-,-,-,-,Avalible on Crunchyroll
579,Miss Kobayashi's Dragon Maid,83 chapters,Comedy,Fantasy,Romance,Seinen,Slice of Life,-,-,-,-,Avalible on Crunchyroll
580,Miss KUROITSU from the Monster Development Department,12 chapters,Comedy,Sci-fi,-,-,-,-,-,-,-,Avalible on Crunchyroll
581,Miss Monochrome - The Animation,39 chapters,Comedy,Idols,Sci-fi,Slice of Life,-,-,-,-,-,Avalible on Crunchyroll
582,Miss Shachiku and Baby Little Ghost,12 chapters,Comedy,Slice of Life,-,-,-,-,-,-,-,Avalible on Crunchyroll
583,Mitchiri Neko,13 chapters,Comedy,Slice of Life,-,-,-,-,-,-,-,Avalible on Crunchyroll
584,Monster Girl Doctor,12 chapters,Comedy,Fantasy,-,-,-,-,-,-,-,Avalible on Crunchyroll
585,Moyashimon,22 chapters,Comedy,Slice of Life,-,-,-,-,-,-,-,Avalible on Crunchyroll
586,Mr. TONEGAWA Middle Management Blues,24 chapters,Comedy,Seinen,-,-,-,-,-,-,-,Avalible on Crunchyroll
587,Ms. Vampire who lives in my neighborhood.,12 chapters,Comedy,Slice of Life,Supernatural,-,-,-,-,-,-,Avalible on Crunchyroll
588,Musasi-no,12 chapters,Comedy,-,-,-,-,-,-,-,-,Avalible on Crunchyroll
589,My First Girlfriend is a Gal (Hajimete no Gal),10 chapters,Comedy,Harem,Romance,Slice of Life,-,-,-,-,-,Avalible on Crunchyroll
590,My Next Life as a Villainess: All Routes Lead to Doom!,25 chapters,Comedy,Fantasy,Harem,Romance,-,-,-,-,-,Avalible on Crunchyroll
591,My Roommate is a Cat,12 chapters,Comedy,Slice of Life,-,-,-,-,-,-,-,Avalible on Crunchyroll
592,My Stepmom's Daughter is my EX,12 chapters,Comedy,Romance,-,-,-,-,-,-,-,Avalible on Crunchyroll
593,My Sweet Tyrant,25 chapters,Comedy,Romance,-,-,-,-,-,-,-,Avalible on Crunchyroll
594,My Teen Romantic Comedy SNAFU,38 chapters,Comedy,Romance,Slice of Life,-,-,-,-,-,-,Avalible on Crunchyroll
595,NANBAKA,26 chapters,Comedy,Slice of Life,-,-,-,-,-,-,-,Avalible on Crunchyroll
596,Naria Girls,12 chapters,Comedy,Fantasy,Shojo,-,-,-,-,-,-,Avalible on Crunchyroll
597,Nazo no Kanojo X,13 chapters,Comedy,Romance,-,-,-,-,-,-,-,Avalible on Crunchyroll
598,Nazotokine,12 chapters,Comedy,Sci-fi,-,-,-,-,-,-,-,Avalible on Crunchyroll
599,Nekopara,24 chapters,Comedy,Slice of Life,-,-,-,-,-,-,-,Avalible on Crunchyroll
600,NEW GAME!,24 chapters,Comedy,Slice of Life,-,-,-,-,-,-,-,Avalible on Crunchyroll
601,Nichijou - My Ordinary Life,26 chapters,Comedy,Slice of Life,Supernatural,-,-,-,-,-,-,Avalible on Crunchyroll
602,Nisekoi,33 chapters,Comedy,Romance,Shonen,Slice of Life,-,-,-,-,-,Avalible on Crunchyroll
603,No puedo entender lo que dice mi esposo,26 chapters,Comedy,Romance,Seinen,Slice of Life,-,-,-,-,-,Avalible on Crunchyroll
604,Non Non Biyori,24 chapters,Comedy,Seinen,Slice of Life,-,-,-,-,-,-,Avalible on Crunchyroll
605,Null & Peta,12 chapters,Comedy,Slice of Life,-,-,-,-,-,-,-,Avalible on Crunchyroll
606,Nyanbo!,52 chapters,Comedy,Sci-fi,-,-,-,-,-,-,-,Avalible on Crunchyroll
607,Nyanko Days,12 chapters,Comedy,Slice of Life,-,-,-,-,-,-,-,Avalible on Crunchyroll
608,Nyanpire - The Vampire Cat,12 chapters,Comedy,Supernatural,-,-,-,-,-,-,-,Avalible on Crunchyroll
609,Oda Cinnamon Nobunaga,12 chapters,Comedy,-,-,-,-,-,-,-,-,Avalible on Crunchyroll
610,Oh; Suddenly Egyptian God,10 chapters,Comedy,-,-,-,-,-,-,-,-,Avalible on Crunchyroll
611,Ojisan and Marshmallow,13 chapters,Comedy,Romance,Slice of Life,-,-,-,-,-,-,Avalible on Crunchyroll
612,Onaragoro,13 chapters,Comedy,Slice of Life,-,-,-,-,-,-,-,Avalible on Crunchyroll
613,Onee-chan ga Kita,12 chapters,Comedy,Slice of Life,-,-,-,-,-,-,-,Avalible on Crunchyroll
614,Ooya-san wa Shishunki!,12 chapters,Comedy,Slice of Life,-,-,-,-,-,-,-,Avalible on Crunchyroll
615,Ore Monogatari!!,24 chapters,Comedy,Romance,Slice of Life,-,-,-,-,-,-,Avalible on Crunchyroll
616,Ore no Nounai Sentakushi ga; Gakuen Love Come wo Zenryoku de Jyama Shiteiru,10 chapters,Comedy,Harem,Romance,Slice of Life,-,-,-,-,-,Avalible on Crunchyroll
617,Orenchi no Furo Jijo,13 chapters,Comedy,Fantasy,Romance,Shojo,Slice of Life,-,-,-,-,Avalible on Crunchyroll
618,Osamake: Romcom Where The Childhood Friend Won't Lose,12 chapters,Comedy,Romance,-,-,-,-,-,-,-,Avalible on Crunchyroll
619,Osomatsu-san,84 chapters,Comedy,Slice of Life,-,-,-,-,-,-,-,Avalible on Crunchyroll
620,OZMAFIA!!,12 chapters,Comedy,Fantasy,Romance,Slice of Life,-,-,-,-,-,Avalible on Crunchyroll
621,Pan de Peace!,13 chapters,Comedy,Slice of Life,-,-,-,-,-,-,-,Avalible on Crunchyroll
622,Pastel Memories,11 chapters,Comedy,Sci-fi,Slice of Life,-,-,-,-,-,-,Avalible on Crunchyroll
623,Piacevole,12 chapters,Comedy,Slice of Life,-,-,-,-,-,-,-,Avalible on Crunchyroll
624,Pikotaro's LULLABY LA LA BY,12 chapters,Comedy,Slice of Life,-,-,-,-,-,-,-,Avalible on Crunchyroll
625,Please tell me! Galko-chan,12 chapters,Comedy,Slice of Life,-,-,-,-,-,-,-,Avalible on Crunchyroll
626,Poco's Udon World,12 chapters,Comedy,Fantasy,Slice of Life,-,-,-,-,-,-,Avalible on Crunchyroll
627,Poyopoyo,52 chapters,Comedy,Slice of Life,-,-,-,-,-,-,-,Avalible on Crunchyroll
628,Pretty Boy Detective Club,12 chapters,Comedy,-,-,-,-,-,-,-,-,Avalible on Crunchyroll
629,Rainy Cocoa,12 chapters,Comedy,Slice of Life,-,-,-,-,-,-,-,Avalible on Crunchyroll
630,Rainy Cocoa sideG,12 chapters,Comedy,Slice of Life,-,-,-,-,-,-,-,Avalible on Crunchyroll
631,Ramen Daisuki Koizumi-san,12 chapters,Comedy,Slice of Life,-,-,-,-,-,-,-,Avalible on Crunchyroll
632,Recorder to Randsell,39 chapters,Comedy,Seinen,Slice of Life,-,-,-,-,-,-,Avalible on Crunchyroll
633,Ren Ai Lab,13 chapters,Comedy,Romance,-,-,-,-,-,-,-,Avalible on Crunchyroll
634,Rent-a-Girlfriend,47 chapters,Comedy,Harem,Romance,Shonen,-,-,-,-,-,Avalible on Crunchyroll
635,Robot Girls Z,9 chapters,Comedy,Fantasy,Magical Girls,Mecha,Sci-fi,-,-,-,-,Avalible on Crunchyroll
636,ROOM CAMP,13 chapters,Comedy,Slice of Life,-,-,-,-,-,-,-,Avalible on Crunchyroll
637,Ryūgajō Nanana no Maizōkin,11 chapters,Comedy,Supernatural,-,-,-,-,-,-,-,Avalible on Crunchyroll
638,Saekano - Saenai Heroine no Sodatekata,13 chapters,Comedy,Harem,Romance,Slice of Life,-,-,-,-,-,Avalible on Crunchyroll
639,Sanrio Boys,12 chapters,Comedy,Shojo,Slice of Life,-,-,-,-,-,-,Avalible on Crunchyroll
640,Science Fell in Love; So I Tried to Prove it,36 chapters,Comedy,Romance,Slice of Life,-,-,-,-,-,-,Avalible on Crunchyroll
641,Seishun Buta Yarō wa Bunny Girl-senpai no Yume wo Minai,13 chapters,Comedy,Romance,Slice of Life,Supernatural,-,-,-,-,-,Avalible on Crunchyroll
642,Sekko Boys,12 chapters,Comedy,Idols,Music,Slice of Life,-,-,-,-,-,Avalible on Crunchyroll
643,SENGOKUCHOJYUGIGA,26 chapters,Comedy,Fantasy,Historical,Slice of Life,Supernatural,-,-,-,-,Avalible on Crunchyroll
644,Senryu Girl,12 chapters,Comedy,Slice of Life,-,-,-,-,-,-,-,Avalible on Crunchyroll
645,Servant x Service,13 chapters,Comedy,Romance,Seinen,Slice of Life,-,-,-,-,-,Avalible on Crunchyroll
646,Seton Academy: Join the Pack!,12 chapters,Comedy,-,-,-,-,-,-,-,-,Avalible on Crunchyroll
647,Shinryaku! Ika Musume,28 chapters,Comedy,Shonen,Slice of Life,Supernatural,-,-,-,-,-,Avalible on Crunchyroll
648,Shirokuma Cafe,50 chapters,Comedy,Slice of Life,-,-,-,-,-,-,-,Avalible on Crunchyroll
649,Shomin Sample,12 chapters,Comedy,Romance,-,-,-,-,-,-,-,Avalible on Crunchyroll
650,"SING ""YESTERDAY"" FOR ME,12 chapters,Comedy,Romance,Seinen,Slice of Life,-,-,-,-,-,Avalible on Crunchyroll,;",,,,,,,,,,,
651,Skate-Leading Stars,12 chapters,Comedy,Sports,-,-,-,-,-,-,-,Avalible on Crunchyroll
652,SKET Dance,77 chapters,Comedy,Shonen,Slice of Life,-,-,-,-,-,-,Avalible on Crunchyroll
653,Skull-face Bookseller Honda-san,12 chapters,Comedy,Shojo,Slice of Life,-,-,-,-,-,-,Avalible on Crunchyroll
654,Sleepy Princess in the Demon Castle,12 chapters,Comedy,Fantasy,-,-,-,-,-,-,-,Avalible on Crunchyroll
655,Slow Start,12 chapters,Comedy,Slice of Life,-,-,-,-,-,-,-,Avalible on Crunchyroll
656,SPY x FAMILY,26 chapters,Comedy,Shonen,-,-,-,-,-,-,-,Avalible on Crunchyroll
657,Starmyu 2,24 chapters,Comedy,Music,Slice of Life,-,-,-,-,-,-,Avalible on Crunchyroll
658,Suppose a Kid from the Last Dungeon Boonies moved to a starter town,24 chapters,Comedy,Fantasy,-,-,-,-,-,-,-,Avalible on Crunchyroll
659,sweetness & lightning (Amaama to Inazuma),12 chapters,Comedy,Seinen,Slice of Life,-,-,-,-,-,-,Avalible on Crunchyroll
660,Takamiya Nasuno Desu!,12 chapters,Comedy,Shonen,Slice of Life,-,-,-,-,-,-,Avalible on Crunchyroll
661,Teekyu,108 chapters,Comedy,Shonen,Slice of Life,Sports,-,-,-,-,-,Avalible on Crunchyroll
662,TEPPEN!!!!!!!!!!!!!!! Laughing 'til You Cry,12 chapters,Comedy,-,-,-,-,-,-,-,-,Avalible on Crunchyroll
663,That is the Bottleneck,12 chapters,Comedy,Slice of Life,-,-,-,-,-,-,-,Avalible on Crunchyroll
664,The Dungeon of Black Company,48 chapters,Comedy,Fantasy,-,-,-,-,-,-,-,Avalible on Crunchyroll
665,The Fruit of Evolution: Before I Knew It; My Life Had It Made,25 chapters,Comedy,Fantasy,-,-,-,-,-,-,-,Avalible on Crunchyroll
666,The Genius Princes Guide to Raising a Nation Out of Debt,24 chapters,Comedy,Fantasy,-,-,-,-,-,-,-,Avalible on Crunchyroll
667,The Great Jahy Will Not Be Defeated!,20 chapters,Comedy,Fantasy,-,-,-,-,-,-,-,Avalible on Crunchyroll
668,The Helpful Fox Senko-san,12 chapters,Comedy,Slice of Life,Supernatural,-,-,-,-,-,-,Avalible on Crunchyroll
669,The Hidden Dungeon Only I Can Enter,24 chapters,Comedy,Fantasy,-,-,-,-,-,-,-,Avalible on Crunchyroll
670,The House Spirit Tatami-chan,12 chapters,Comedy,Slice of Life,Supernatural,-,-,-,-,-,-,Avalible on Crunchyroll
671,THE IDOLM@STER CINDERELLA GIRLS Theater,92 chapters,Comedy,Idols,Music,Slice of Life,-,-,-,-,-,Avalible on Crunchyroll
672,The Lost Village (Mayoiga),12 chapters,Comedy,Mistery,Thriller,Supernatural,-,-,-,-,-,Avalible on Crunchyroll
673,The Quintessential Quintuplets (Go-Toubun no Hanayome),84 chapters,Comedy,Harem,Romance,Slice of Life,-,-,-,-,-,Avalible on Crunchyroll
674,The Royal Tutor,13 chapters,Comedy,Historical,Shonen,Slice of Life,-,-,-,-,-,Avalible on Crunchyroll
675,The Vampire Dies in No Time,12 chapters,Comedy,Supernatural,-,-,-,-,-,-,-,Avalible on Crunchyroll
676,The Yakuza's Guide to Babysitting,22 chapters,Comedy,Slice of Life,-,-,-,-,-,-,-,Avalible on Crunchyroll
677,Toilet-bound Hanako-kun,24 chapters,Comedy,Fantasy,-,-,-,-,-,-,-,Avalible on Crunchyroll
678,Tonari no Kaibutsu-kun,13 chapters,Comedy,Romance,Shojo,-,-,-,-,-,-,Avalible on Crunchyroll
679,Tonari no Seki-kun,21 chapters,Comedy,Romance,Seinen,Slice of Life,-,-,-,-,-,Avalible on Crunchyroll
680,TONIKAWA: Over The Moon For You,28 chapters,Comedy,Romance,Slice of Life,-,-,-,-,-,-,Avalible on Crunchyroll
681,Tonkatsu DJ Agetaro,12 chapters,Comedy,Music,Shonen,Slice of Life,-,-,-,-,-,Avalible on Crunchyroll
682,Toradora,25 chapters,Comedy,Romance,Slice of Life,-,-,-,-,-,-,Avalible on Crunchyroll
683,Tsuredure Children,12 chapters,Comedy,Romance,Shonen,Slice of Life,-,-,-,-,-,Avalible on Crunchyroll
684,Uchoten Kazoku 2,12 chapters,Comedy,Fantasy,Slice of Life,Supernatural,-,-,-,-,-,Avalible on Crunchyroll
685,UMAYON,12 chapters,Comedy,Fantasy,Slice of Life,-,-,-,-,-,-,Avalible on Crunchyroll
686,Urawa no Usagi-chan,12 chapters,Comedy,Slice of Life,-,-,-,-,-,-,-,Avalible on Crunchyroll
687,Usakame,12 chapters,Comedy,Slice of Life,Sports,-,-,-,-,-,-,Avalible on Crunchyroll
688,Uzaki-chan Wants to Hang Out,25 chapters,Comedy,Slice of Life,-,-,-,-,-,-,-,Avalible on Crunchyroll
689,UzaMaid!,13 chapters,Comedy,Seinen,Slice of Life,-,-,-,-,-,-,Avalible on Crunchyroll
690,VIRTUALSAN - LOOKING,12 chapters,Comedy,-,-,-,-,-,-,-,-,Avalible on Crunchyroll
691,VLAD LOVE,12 chapters,Comedy,Supernatural,-,-,-,-,-,-,-,Avalible on Crunchyroll
692,Wacky TV Nanana,72 chapters,Comedy,-,-,-,-,-,-,-,-,Avalible on Crunchyroll
693,Wagamama High Spec,12 chapters,Comedy,Slice of Life,-,-,-,-,-,-,-,Avalible on Crunchyroll
694,Wakakozake,12 chapters,Comedy,Seinen,Slice of Life,-,-,-,-,-,-,Avalible on Crunchyroll
695,Wandering Witch The Journey of Elaina,12 chapters,Comedy,Fantasy,-,-,-,-,-,-,-,Avalible on Crunchyroll
696,WATATEN!: an Angel Flew Down to Me,13 chapters,Comedy,Slice of Life,-,-,-,-,-,-,-,Avalible on Crunchyroll
697,We Never Learn: BOKUBEN,26 chapters,Comedy,Harem,Romance,Shonen,Slice of Life,-,-,-,-,Avalible on Crunchyroll
698,Welcome to Demon School! Iruma-kun,44 chapters,Comedy,Supernatural,-,-,-,-,-,-,-,Avalible on Crunchyroll
699,Why the hell are you here; Teacher!?,12 chapters,Comedy,Harem,Romance,-,-,-,-,-,-,Avalible on Crunchyroll
700,With a Dog AND a Cat; Every Day is Fun,24 chapters,Comedy,Slice of Life,-,-,-,-,-,-,-,Avalible on Crunchyroll
701,Wooser no Sono Higurashi,24 chapters,Comedy,Slice of Life,-,-,-,-,-,-,-,Avalible on Crunchyroll
702,Wooser no Sono Higurashi: Arco fantasmagórico,13 chapters,Comedy,Slice of Life,-,-,-,-,-,-,-,Avalible on Crunchyroll
703,Working Buddies!,25 chapters,Comedy,Slice of Life,-,-,-,-,-,-,-,Avalible on Crunchyroll
704,World Fool News,12 chapters,Comedy,Slice of Life,-,-,-,-,-,-,-,Avalible on Crunchyroll
705,WWW.WAGNARIA!!,13 chapters,Comedy,Romance,Slice of Life,-,-,-,-,-,-,Avalible on Crunchyroll
706,Yamada-kun to 7-nin no Majo,24 chapters,Comedy,Fantasy,Harem,Mistery,Romance,Shonen,Slice of Life,Supernatural,-,Avalible on Crunchyroll
707,Yatogame-chan Kansatsu Nikki,46 chapters,Comedy,Shonen,Slice of Life,-,-,-,-,-,-,Avalible on Crunchyroll
708,Yotsuiro Biyori,12 chapters,Comedy,Slice of Life,-,-,-,-,-,-,-,Avalible on Crunchyroll
709,You Don't Know Gunma Yet,12 chapters,Comedy,Slice of Life,Thriller,-,-,-,-,-,-,Avalible on Crunchyroll
710,Yurumate3Dei,26 chapters,Comedy,Slice of Life,-,-,-,-,-,-,-,Avalible on Crunchyroll
711,YuruYuri,36 chapters,Comedy,Romance,Slice of Life,-,-,-,-,-,-,Avalible on Crunchyroll
712,Yuuna and the Haunted Hot Springs,12 chapters,Comedy,Harem,Shonen,Supernatural,-,-,-,-,-,Avalible on Crunchyroll
713,Zero no Tsukaima,13 chapters,Comedy,Fantasy,Harem,Seinen,-,-,-,-,-,Avalible on Crunchyroll
714,ZOMBIE LAND SAGA,30 chapters,Comedy,Idols,Music,Supernatural,-,-,-,-,-,Avalible on Crunchyroll
715,18if,26 chapters,Fantasy,Supernatural,-,-,-,-,-,-,-,Avalible on Crunchyroll
716,A Herbivorous Dragon of 5000 Years Gets Unfairly Villainized,11 chapters,Fantasy,-,-,-,-,-,-,-,-,Avalible on Crunchyroll
717,Arifureta From Commonplace to Worlds Strongest,54 chapters,Fantasy,-,-,-,-,-,-,-,-,Avalible on Crunchyroll
718,Banished from the Heros Party; I Decided to Live a Quiet Life in the Countryside,52 chapters,Fantasy,Slice of Life,-,-,-,-,-,-,-,Avalible on Crunchyroll
719,BOFURI: I Don’t Want to Get Hurt; so I’ll Max Out My Defense,12 chapters,Fantasy,Slice of Life,-,-,-,-,-,-,-,Avalible on Crunchyroll
720,Bungo and Alchemist Gears of Judgement,13 chapters,Fantasy,-,-,-,-,-,-,-,-,Avalible on Crunchyroll
721,By the Grace of the Gods,12 chapters,Fantasy,-,-,-,-,-,-,-,-,Avalible on Crunchyroll
722,Cautious Hero: The Hero is Overpowered but Overly Cautious,12 chapters,Fantasy,-,-,-,-,-,-,-,-,Avalible on Crunchyroll
723,Cinderella Chef,12 chapters,Fantasy,Slice of Life,-,-,-,-,-,-,-,Avalible on Crunchyroll
724,Clockwork Planet,12 chapters,Fantasy,Sci-fi,-,-,-,-,-,-,-,Avalible on Crunchyroll
725,Demon Lord Retry!,12 chapters,Fantasy,-,-,-,-,-,-,-,-,Avalible on Crunchyroll
726,Dragon Goes House Hunting,24 chapters,Fantasy,Slice of Life,-,-,-,-,-,-,-,Avalible on Crunchyroll
727,Elegant Yokai Apartment Life (Yokai Apartment no Yuuga na Nichijou),26 chapters,Fantasy,Slice of Life,Supernatural,-,-,-,-,-,-,Avalible on Crunchyroll
728,Endro!,12 chapters,Fantasy,Slice of Life,-,-,-,-,-,-,-,Avalible on Crunchyroll
729,Fairy Ranmaru,12 chapters,Fantasy,-,-,-,-,-,-,-,-,Avalible on Crunchyroll
730,Fantasia Sango - Realm of Legends,12 chapters,Fantasy,Supernatural,-,-,-,-,-,-,-,Avalible on Crunchyroll
731,Fate/Grand Order -MOONLIGHT/LOSTROOM-,1 chapters,Fantasy,-,-,-,-,-,-,-,-,Avalible on Crunchyroll
732,Forest Fairy Five (Kinoko Musume),25 chapters,Fantasy,-,-,-,-,-,-,-,-,Avalible on Crunchyroll
733,Full Dive This Ultimate Next Gen Full Dive RPG Is Even Shittier than Real Life,24 chapters,Fantasy,-,-,-,-,-,-,-,-,Avalible on Crunchyroll
734,GRANBELM,13 chapters,Fantasy,Mecha,-,-,-,-,-,-,-,Avalible on Crunchyroll
735,I've Been Killing Slimes For 300 Years And Maxed Out My Level,24 chapters,Fantasy,Slice of Life,-,-,-,-,-,-,-,Avalible on Crunchyroll
736,If It's for My Daughter; I'd Even Defeat a Demon Lord,12 chapters,Fantasy,Slice of Life,-,-,-,-,-,-,-,Avalible on Crunchyroll
737,In the Land of Leadale,24 chapters,Fantasy,Slice of Life,-,-,-,-,-,-,-,Avalible on Crunchyroll
738,Irina The Vampire Cosmonaut,12 chapters,Fantasy,Sci-fi,-,-,-,-,-,-,-,Avalible on Crunchyroll
739,Isekai Izakaya: Japanese Food From Another World,24 chapters,Fantasy,Slice of Life,-,-,-,-,-,-,-,Avalible on Crunchyroll
740,KIRA KIRA☆PRETTY CURE A LA MODE,49 chapters,Fantasy,Shojo,-,-,-,-,-,-,-,Avalible on Crunchyroll
741,LINK CLICK,20 chapters,Fantasy,-,-,-,-,-,-,-,-,Avalible on Crunchyroll
742,Lord El-Melloi II's Case Files {Rail Zeppelin} Grace note,15 chapters,Fantasy,Mistery,Supernatural,-,-,-,-,-,-,Avalible on Crunchyroll
743,Maerchen Maedchen,12 chapters,Fantasy,Supernatural,-,-,-,-,-,-,-,Avalible on Crunchyroll
744,Magia Record: Puella Magi Madoka Magica Side Story,51 chapters,Fantasy,-,-,-,-,-,-,-,-,Avalible on Crunchyroll
745,Merc StoriA: The Apathetic Boy and the Girl in a Bottle,12 chapters,Fantasy,-,-,-,-,-,-,-,-,Avalible on Crunchyroll
746,Mr Love: Queen's Choice,12 chapters,Fantasy,Harem,Romance,Shojo,-,-,-,-,-,Avalible on Crunchyroll
747,Myriad Colors Phantom World,13 chapters,Fantasy,Slice of Life,-,-,-,-,-,-,-,Avalible on Crunchyroll
748,MYSTERIA Friends,10 chapters,Fantasy,Slice of Life,-,-,-,-,-,-,-,Avalible on Crunchyroll
749,Natsume Yujin-cho,39 chapters,Fantasy,Slice of Life,Supernatural,-,-,-,-,-,-,Avalible on Crunchyroll
750,Natsume Yujin-cho 6,13 chapters,Fantasy,Slice of Life,Supernatural,-,-,-,-,-,-,Avalible on Crunchyroll
751,Natsume Yujin-cho Shi,13 chapters,Fantasy,Slice of Life,Supernatural,-,-,-,-,-,-,Avalible on Crunchyroll
752,Parallel World Pharmacy,12 chapters,Fantasy,Slice of Life,-,-,-,-,-,-,-,Avalible on Crunchyroll
753,Phantom in the Twilight,12 chapters,Fantasy,Romance,Thriller,Supernatural,-,-,-,-,-,Avalible on Crunchyroll
754,Platinum End,48 chapters,Fantasy,-,-,-,-,-,-,-,-,Avalible on Crunchyroll
755,Ranking of Kings,59 chapters,Fantasy,-,-,-,-,-,-,-,-,Avalible on Crunchyroll
756,Restaurant to Another World (Isekai Shokudou),36 chapters,Fantasy,Slice of Life,-,-,-,-,-,-,-,Avalible on Crunchyroll
757,RPG Real Estate,12 chapters,Fantasy,Slice of Life,-,-,-,-,-,-,-,Avalible on Crunchyroll
758,Shachibato! President; It's Time for Battle!,12 chapters,Fantasy,-,-,-,-,-,-,-,-,Avalible on Crunchyroll
759,She and Her Cat -Everything Flows-,4 chapters,Fantasy,Seinen,Slice of Life,-,-,-,-,-,-,Avalible on Crunchyroll
760,She Professed Herself the Pupil of the Wiseman,24 chapters,Fantasy,-,-,-,-,-,-,-,-,Avalible on Crunchyroll
761,Shironeko Project ZERO Chronicle,12 chapters,Fantasy,-,-,-,-,-,-,-,-,Avalible on Crunchyroll
762,Shugo Chara,51 chapters,Fantasy,Magical Girls,Romance,Shojo,-,-,-,-,-,Avalible on Crunchyroll
763,Smile of the Arsnotoria the Animation,12 chapters,Fantasy,-,-,-,-,-,-,-,-,Avalible on Crunchyroll
764,Sonny Boy,24 chapters,Fantasy,-,-,-,-,-,-,-,-,Avalible on Crunchyroll
765,Starlight Promises,1 chapters,Fantasy,Historical,Romance,-,-,-,-,-,-,Avalible on Crunchyroll
766,Talentless Nana,26 chapters,Fantasy,-,-,-,-,-,-,-,-,Avalible on Crunchyroll
767,The Case Study of Vanitas,49 chapters,Fantasy,-,-,-,-,-,-,-,-,Avalible on Crunchyroll
768,The Duke of Death and His Maid,24 chapters,Fantasy,Romance,-,-,-,-,-,-,-,Avalible on Crunchyroll
769,The Girl From the Other Side,3 chapters,Fantasy,-,-,-,-,-,-,-,-,Avalible on Crunchyroll
770,The Saint's Magic Power is Omnipotent,24 chapters,Fantasy,-,-,-,-,-,-,-,-,Avalible on Crunchyroll
771,To Your Eternity,40 chapters,Fantasy,Supernatural,-,-,-,-,-,-,-,Avalible on Crunchyroll
772,Warlords of Sigrdrifa,12 chapters,Fantasy,-,-,-,-,-,-,-,-,Avalible on Crunchyroll
773,We Rent Tsukumogami,12 chapters,Fantasy,Historical,Romance,Supernatural,-,-,-,-,-,Avalible on Crunchyroll
774,WONDER EGG PRIORITY,26 chapters,Fantasy,Thriller,Supernatural,-,-,-,-,-,-,Avalible on Crunchyroll
775,WorldEnd: What do you do at the end of the world? Are you busy? Will you save us,12 chapters,Fantasy,Romance,Sci-fi,Seinen,-,-,-,-,-,Avalible on Crunchyroll
776,Bonjour♪Pastelería Dulce Amor,24 chapters,Harem,Romance,Slice of Life,-,-,-,-,-,-,Avalible on Crunchyroll
777,Code: Realize ~Guardian of Rebirth~,13 chapters,Harem,Mistery,Romance,-,-,-,-,-,-,Avalible on Crunchyroll
778,Eromanga Sensei,12 chapters,Harem,Romance,-,-,-,-,-,-,-,Avalible on Crunchyroll
779,Kamigami no Asobi,12 chapters,Harem,Romance,Supernatural,-,-,-,-,-,-,Avalible on Crunchyroll
780,Le Fruit de la Grisaia,24 chapters,Harem,Romance,Thriller,-,-,-,-,-,-,Avalible on Crunchyroll
781,Papa no Iukoto wo Kikinasai!,12 chapters,Harem,Romance,Slice of Life,-,-,-,-,-,-,Avalible on Crunchyroll
782,Room Mate,12 chapters,Harem,Romance,Slice of Life,-,-,-,-,-,-,Avalible on Crunchyroll
783,Uta no Prince Sama,13 chapters,Harem,Music,Romance,-,-,-,-,-,-,Avalible on Crunchyroll
784,White Album,13 chapters,Harem,Idols,Music,Romance,Slice of Life,-,-,-,-,Avalible on Crunchyroll
785,Libra of Nil Admirari,12 chapters,Historical,Romance,-,-,-,-,-,-,-,Avalible on Crunchyroll
786,Meiji Tokyo Renka,12 chapters,Historical,Supernatural,-,-,-,-,-,-,-,Avalible on Crunchyroll
787,Psychic Princess,16 chapters,Historical,Romance,Shojo,-,-,-,-,-,-,Avalible on Crunchyroll
788,Shouwa Genroku Rakugo Shinjuu,25 chapters,Historical,Romance,-,-,-,-,-,-,-,Avalible on Crunchyroll
789,ARP Backstage Pass,12 chapters,Idols,Music,-,-,-,-,-,-,-,Avalible on Crunchyroll
790,DREAM FESTIVAL!,24 chapters,Idols,Music,-,-,-,-,-,-,-,Avalible on Crunchyroll
791,Idol Incidents,12 chapters,Idols,Music,-,-,-,-,-,-,-,Avalible on Crunchyroll
792,IDOLiSH7,46 chapters,Idols,Music,-,-,-,-,-,-,-,Avalible on Crunchyroll
793,KING OF PRISM -Shiny Seven Stars-,12 chapters,Idols,Music,Sports,-,-,-,-,-,-,Avalible on Crunchyroll
794,MARGINAL #4 the Animation,12 chapters,Idols,Slice of Life,-,-,-,-,-,-,-,Avalible on Crunchyroll
795,Million Doll,12 chapters,Idols,Music,-,-,-,-,-,-,-,Avalible on Crunchyroll
796,Music Girls,12 chapters,Idols,Music,Shojo,Slice of Life,-,-,-,-,-,Avalible on Crunchyroll
797,THE IDOLM@STER CINDERELLA GIRLS,25 chapters,Idols,Music,Slice of Life,-,-,-,-,-,-,Avalible on Crunchyroll
798,THE IDOLM@STER Side M,14 chapters,Idols,Music,Slice of Life,-,-,-,-,-,-,Avalible on Crunchyroll
799,THE IDOLM@STER SideM　Wakeatte Mini!,12 chapters,Idols,Music,Slice of Life,-,-,-,-,-,-,Avalible on Crunchyroll
800,TSUKIPRO THE ANIMATION,13 chapters,Idols,Music,Slice of Life,-,-,-,-,-,-,Avalible on Crunchyroll
801,Umamusume: Pretty Derby,26 chapters,Idols,Slice of Life,Sports,-,-,-,-,-,-,Avalible on Crunchyroll
802,Wake Up; Girls!,35 chapters,Idols,Music,Slice of Life,-,-,-,-,-,-,Avalible on Crunchyroll
803,Mobile Suit Gundam,42 chapters,Mecha,Sci-fi,-,-,-,-,-,-,-,Avalible on Crunchyroll
804,Angels of Death,32 chapters,Mistery,-,-,-,-,-,-,-,-,Avalible on Crunchyroll
805,Another,12 chapters,Mistery,Thriller,Supernatural,-,-,-,-,-,-,Avalible on Crunchyroll
806,Bungaku Shōjo,1 chapters,Mistery,Romance,-,-,-,-,-,-,-,Avalible on Crunchyroll
807,CHAOS;CHILD,14 chapters,Mistery,Thriller,-,-,-,-,-,-,-,Avalible on Crunchyroll
808,Death Parade,24 chapters,Mistery,Thriller,-,-,-,-,-,-,-,Avalible on Crunchyroll
809,Divine Gate,13 chapters,Mistery,Romance,-,-,-,-,-,-,-,Avalible on Crunchyroll
810,Erased,13 chapters,Mistery,Thriller,-,-,-,-,-,-,-,Avalible on Crunchyroll
811,Holmes of Kyoto,12 chapters,Mistery,Romance,Slice of Life,-,-,-,-,-,-,Avalible on Crunchyroll
812,Junji Ito Collection,14 chapters,Mistery,Thriller,Supernatural,-,-,-,-,-,-,Avalible on Crunchyroll
813,KAGEWANI,26 chapters,Mistery,Sci-fi,Thriller,-,-,-,-,-,-,Avalible on Crunchyroll
814,King's Game,12 chapters,Mistery,Thriller,Supernatural,-,-,-,-,-,-,Avalible on Crunchyroll
815,Muhyo & Roji's Bureau of Supernatural Investigation,12 chapters,Mistery,Supernatural,-,-,-,-,-,-,-,Avalible on Crunchyroll
816,NIGHT HEAD 2041,12 chapters,Mistery,Sci-fi,Supernatural,-,-,-,-,-,-,Avalible on Crunchyroll
817,Sarazanmai,11 chapters,Mistery,Thriller,Supernatural,-,-,-,-,-,-,Avalible on Crunchyroll
818,Steins;Gate 0,24 chapters,Mistery,Post Apocalyptic,Sci-fi,Thriller,-,-,-,-,-,Avalible on Crunchyroll
819,Strange+,24 chapters,Mistery,Thriller,-,-,-,-,-,-,-,Avalible on Crunchyroll
820,Tantei Team KZ Jiken Note,16 chapters,Mistery,-,-,-,-,-,-,-,-,Avalible on Crunchyroll
821,The Night Beyond the Tricornered Window,12 chapters,Mistery,Romance,Supernatural,-,-,-,-,-,-,Avalible on Crunchyroll
822,The Perfect Insider,11 chapters,Mistery,Sci-fi,Seinen,Thriller,-,-,-,-,-,Avalible on Crunchyroll
823,The World YAMIZUKAN,13 chapters,Mistery,Thriller,Supernatural,-,-,-,-,-,-,Avalible on Crunchyroll
824,Un-Go,12 chapters,Mistery,Post Apocalyptic,Sci-fi,Thriller,Supernatural,-,-,-,-,Avalible on Crunchyroll
825,Warau Salesman (Nueva versión),12 chapters,Mistery,Seinen,Thriller,Supernatural,-,-,-,-,-,Avalible on Crunchyroll
826,Yamishibai,143 chapters,Mistery,Thriller,Supernatural,-,-,-,-,-,-,Avalible on Crunchyroll
827,A3!,36 chapters,Music,-,-,-,-,-,-,-,-,Avalible on Crunchyroll
828,BanG Dream! Movies,7 chapters,Music,-,-,-,-,-,-,-,-,Avalible on Crunchyroll
829,D4DJ First Mix,26 chapters,Music,Slice of Life,-,-,-,-,-,-,-,Avalible on Crunchyroll
830,Extreme Hearts,12 chapters,Music,Sports,-,-,-,-,-,-,-,Avalible on Crunchyroll
831,Fuuka,12 chapters,Music,Romance,Shonen,-,-,-,-,-,-,Avalible on Crunchyroll
832,given,24 chapters,Music,Romance,-,-,-,-,-,-,-,Avalible on Crunchyroll
833,given (Drama),6 chapters,Music,-,-,-,-,-,-,-,-,Avalible on Crunchyroll
834,Healer Girl,12 chapters,Music,Slice of Life,-,-,-,-,-,-,-,Avalible on Crunchyroll
835,Heroines Run the Show,12 chapters,Music,-,-,-,-,-,-,-,-,Avalible on Crunchyroll
836,Idolls!,10 chapters,Music,-,-,-,-,-,-,-,-,Avalible on Crunchyroll
837,I★CHU,12 chapters,Music,-,-,-,-,-,-,-,-,Avalible on Crunchyroll
838,Kageki Shoujo,26 chapters,Music,Shojo,-,-,-,-,-,-,-,Avalible on Crunchyroll
839,Kono Oto Tomare!: Sounds of Life,52 chapters,Music,-,-,-,-,-,-,-,-,Avalible on Crunchyroll
840,Lapis Re:LIGHTs,12 chapters,Music,-,-,-,-,-,-,-,-,Avalible on Crunchyroll
841,Love Live! Superstar!!,22 chapters,Music,-,-,-,-,-,-,-,-,Avalible on Crunchyroll
842,Magic-Kyun! Renaissance,13 chapters,Music,Romance,Supernatural,-,-,-,-,-,-,Avalible on Crunchyroll
843,Shigatsu wa Kimi no Uso,22 chapters,Music,Romance,Shonen,-,-,-,-,-,-,Avalible on Crunchyroll
844,Sound! Euphonium,27 chapters,Music,Romance,Slice of Life,-,-,-,-,-,-,Avalible on Crunchyroll
845,Those Snow White Notes,12 chapters,Music,-,-,-,-,-,-,-,-,Avalible on Crunchyroll
846,TSUKIUTA. THE ANIMATION,13 chapters,Music,-,-,-,-,-,-,-,-,Avalible on Crunchyroll
847,Vivy Fluorite Eyes Song,39 chapters,Music,Sci-fi,-,-,-,-,-,-,-,Avalible on Crunchyroll
848,VOICE OF FOX,12 chapters,Music,Slice of Life,-,-,-,-,-,-,-,Avalible on Crunchyroll
849,WIXOSS DIVA(A)LIVE,12 chapters,Music,-,-,-,-,-,-,-,-,Avalible on Crunchyroll
850,Shin Sekai Yori (Del nuevo mundo),25 chapters,Post Apocalyptic,Sci-fi,Thriller,Supernatural,-,-,-,-,-,Avalible on Crunchyroll
851,Welcome to the JAPARI PARK,36 chapters,Post Apocalyptic,-,-,-,-,-,-,-,-,Avalible on Crunchyroll
852,Adachi and Shimamura,24 chapters,Romance,-,-,-,-,-,-,-,-,Avalible on Crunchyroll
853,Aku no Hana,13 chapters,Romance,Shonen,Thriller,-,-,-,-,-,-,Avalible on Crunchyroll
854,Anohana: The Flower We Saw That Day,11 chapters,Romance,Slice of Life,Supernatural,-,-,-,-,-,-,Avalible on Crunchyroll
855,Chihayafuru,76 chapters,Romance,Slice of Life,Sports,-,-,-,-,-,-,Avalible on Crunchyroll
856,citrus,24 chapters,Romance,-,-,-,-,-,-,-,-,Avalible on Crunchyroll
857,DAKAICHI -I'm being harassed by the sexiest man of the year-,13 chapters,Romance,-,-,-,-,-,-,-,-,Avalible on Crunchyroll
858,Domestic Girlfriend,12 chapters,Romance,-,-,-,-,-,-,-,-,Avalible on Crunchyroll
859,Eve no Jikan,6 chapters,Romance,Sci-fi,-,-,-,-,-,-,-,Avalible on Crunchyroll
860,Girl Friend BETA,12 chapters,Romance,Slice of Life,-,-,-,-,-,-,-,Avalible on Crunchyroll
861,Hakubo,1 chapters,Romance,Slice of Life,-,-,-,-,-,-,-,Avalible on Crunchyroll
862,Hana Yori Dango (Boys Over Flowers),51 chapters,Romance,Shojo,-,-,-,-,-,-,-,Avalible on Crunchyroll
863,Horimiya,26 chapters,Romance,-,-,-,-,-,-,-,-,Avalible on Crunchyroll
864,Kiznaiver,12 chapters,Romance,Sci-fi,-,-,-,-,-,-,-,Avalible on Crunchyroll
865,Konbini Kareshi,12 chapters,Romance,Slice of Life,-,-,-,-,-,-,-,Avalible on Crunchyroll
866,Love Stage!!,10 chapters,Romance,Slice of Life,-,-,-,-,-,-,-,Avalible on Crunchyroll
867,Lovely Complex,24 chapters,Romance,Shojo,-,-,-,-,-,-,-,Avalible on Crunchyroll
868,March comes in like a lion,45 chapters,Romance,-,-,-,-,-,-,-,-,Avalible on Crunchyroll
869,Mischievous Kiss - The Movie,3 chapters,Romance,Shojo,-,-,-,-,-,-,-,Avalible on Crunchyroll
870,My Dress-Up Darling,35 chapters,Romance,Slice of Life,-,-,-,-,-,-,-,Avalible on Crunchyroll
871,Netsuzou Trap -NTR-,12 chapters,Romance,Shojo,Slice of Life,-,-,-,-,-,-,Avalible on Crunchyroll
872,One Room,37 chapters,Romance,Slice of Life,-,-,-,-,-,-,-,Avalible on Crunchyroll
873,Orange,26 chapters,Romance,Shojo,Supernatural,-,-,-,-,-,-,Avalible on Crunchyroll
874,Oreimo,13 chapters,Romance,Slice of Life,-,-,-,-,-,-,-,Avalible on Crunchyroll
875,ORESUKI Are you the only one who loves me?,14 chapters,Romance,-,-,-,-,-,-,-,-,Avalible on Crunchyroll
876,Our love has always been 10 centimeters apart.,6 chapters,Romance,-,-,-,-,-,-,-,-,Avalible on Crunchyroll
877,Plastic Memories,13 chapters,Romance,Sci-fi,-,-,-,-,-,-,-,Avalible on Crunchyroll
878,Recovery of an MMO Junkie,23 chapters,Romance,Seinen,Slice of Life,-,-,-,-,-,-,Avalible on Crunchyroll
879,ReLIFE,17 chapters,Romance,Seinen,Slice of Life,-,-,-,-,-,-,Avalible on Crunchyroll
880,Remake Our Life!,13 chapters,Romance,Slice of Life,-,-,-,-,-,-,-,Avalible on Crunchyroll
881,Seiren,12 chapters,Romance,Slice of Life,-,-,-,-,-,-,-,Avalible on Crunchyroll
882,Shikimori's Not Just a Cutie,26 chapters,Romance,Slice of Life,-,-,-,-,-,-,-,Avalible on Crunchyroll
883,Sukitte Ii na yo,13 chapters,Romance,Shojo,Slice of Life,-,-,-,-,-,-,Avalible on Crunchyroll
884,Taisho Otome Fairytale,24 chapters,Romance,-,-,-,-,-,-,-,-,Avalible on Crunchyroll
885,Tenchi Muyo! Ryo-Ohki,10 chapters,Romance,Sci-fi,-,-,-,-,-,-,-,Avalible on Crunchyroll
886,Tsukigakirei,13 chapters,Romance,Slice of Life,-,-,-,-,-,-,-,Avalible on Crunchyroll
887,Un extraño a la orilla del mar,1 chapters,Romance,-,-,-,-,-,-,-,-,Avalible on Crunchyroll
888,World's End Harem,11 chapters,Romance,Sci-fi,Seinen,-,-,-,-,-,-,Avalible on Crunchyroll
889,ASTRA LOST IN SPACE,24 chapters,Sci-fi,-,-,-,-,-,-,-,-,Avalible on Crunchyroll
890,BUILD-DIVIDE -#000000- CODE BLACK,24 chapters,Sci-fi,-,-,-,-,-,-,-,-,Avalible on Crunchyroll
891,DECA-DENCE,12 chapters,Sci-fi,-,-,-,-,-,-,-,-,Avalible on Crunchyroll
892,Digimon Ghost Game,46 chapters,Sci-fi,Supernatural,-,-,-,-,-,-,-,Avalible on Crunchyroll
893,Estab Life: Great Escape,12 chapters,Sci-fi,-,-,-,-,-,-,-,-,Avalible on Crunchyroll
894,Garakowa -Restore the World-,1 chapters,Sci-fi,-,-,-,-,-,-,-,-,Avalible on Crunchyroll
895,ID: INVADED,26 chapters,Sci-fi,Thriller,-,-,-,-,-,-,-,Avalible on Crunchyroll
896,Infinite Dendrogram,13 chapters,Sci-fi,-,-,-,-,-,-,-,-,Avalible on Crunchyroll
897,ISLAND,12 chapters,Sci-fi,Slice of Life,-,-,-,-,-,-,-,Avalible on Crunchyroll
898,Jikkenhin Kazoku (Frankenstein Family),12 chapters,Sci-fi,Slice of Life,-,-,-,-,-,-,-,Avalible on Crunchyroll
899,KADO: The Right Answer,14 chapters,Sci-fi,Seinen,-,-,-,-,-,-,-,Avalible on Crunchyroll
900,Lostorage incited WIXOSS,12 chapters,Sci-fi,Thriller,-,-,-,-,-,-,-,Avalible on Crunchyroll
901,MEGALOBOX,39 chapters,Sci-fi,Sports,-,-,-,-,-,-,-,Avalible on Crunchyroll
902,No Guns Life,24 chapters,Sci-fi,Seinen,-,-,-,-,-,-,-,Avalible on Crunchyroll
903,Occultic;Nine,12 chapters,Sci-fi,Thriller,Supernatural,-,-,-,-,-,-,Avalible on Crunchyroll
904,Psycho-Pass: Sinners of the System,3 chapters,Sci-fi,Thriller,-,-,-,-,-,-,-,Avalible on Crunchyroll
905,The Defective,32 chapters,Sci-fi,-,-,-,-,-,-,-,-,Avalible on Crunchyroll
906,The Honor at Magic High School,13 chapters,Sci-fi,-,-,-,-,-,-,-,-,Avalible on Crunchyroll
907,Tokyo 24th Ward,15 chapters,Sci-fi,-,-,-,-,-,-,-,-,Avalible on Crunchyroll
908,<DOGEZA>I Tried Asking While Kowtowing,12 chapters,Seinen,-,-,-,-,-,-,-,-,Avalible on Crunchyroll
909,Classroom of the Elite,51 chapters,Seinen,Slice of Life,Thriller,-,-,-,-,-,-,Avalible on Crunchyroll
910,EVIL OR LIVE,13 chapters,Seinen,Thriller,-,-,-,-,-,-,-,Avalible on Crunchyroll
911,Gleipnir,39 chapters,Seinen,Thriller,-,-,-,-,-,-,-,Avalible on Crunchyroll
912,HANEBADO!,13 chapters,Seinen,Sports,-,-,-,-,-,-,-,Avalible on Crunchyroll
913,Tabimachi Lateshow,4 chapters,Seinen,Slice of Life,-,-,-,-,-,-,-,Avalible on Crunchyroll
914,The Case Files of Jeweler Richard,12 chapters,Seinen,Slice of Life,-,-,-,-,-,-,-,Avalible on Crunchyroll
915,Today's Menu for the Emiya Family,13 chapters,Seinen,Slice of Life,-,-,-,-,-,-,-,Avalible on Crunchyroll
916,Kiyo in Kyoto: From the Maiko House,12 chapters,Shojo,Slice of Life,-,-,-,-,-,-,-,Avalible on Crunchyroll
917,Ace of the Diamond,178 chapters,Shonen,Slice of Life,Sports,-,-,-,-,-,-,Avalible on Crunchyroll
918,Ahiru no Sora,50 chapters,Shonen,Sports,-,-,-,-,-,-,-,Avalible on Crunchyroll
919,Darwin's Game,11 chapters,Shonen,Thriller,Supernatural,-,-,-,-,-,-,Avalible on Crunchyroll
920,Haikyu!!,92 chapters,Shonen,Slice of Life,Sports,-,-,-,-,-,-,Avalible on Crunchyroll
921,Haikyu!! [Doblajes],25 chapters,Shonen,Slice of Life,Sports,-,-,-,-,-,-,Avalible on Crunchyroll
922,Kaze ga Tsuyoku Fuiteiru / Run with the Wind,23 chapters,Shonen,Slice of Life,Sports,-,-,-,-,-,-,Avalible on Crunchyroll
923,MAJOR 2nd,50 chapters,Shonen,Sports,-,-,-,-,-,-,-,Avalible on Crunchyroll
924,The Prince of Tennis,78 chapters,Shonen,Sports,-,-,-,-,-,-,-,Avalible on Crunchyroll
925,The Prince of Tennis II U-17 World Cup,13 chapters,Shonen,Sports,-,-,-,-,-,-,-,Avalible on Crunchyroll
926,True Cooking Master Boy,24 chapters,Shonen,-,-,-,-,-,-,-,-,Avalible on Crunchyroll
927,Akebi's Sailor Uniform,12 chapters,Slice of Life,-,-,-,-,-,-,-,-,Avalible on Crunchyroll
928,Anime KAPIBARASAN,24 chapters,Slice of Life,-,-,-,-,-,-,-,-,Avalible on Crunchyroll
929,Arte,12 chapters,Slice of Life,-,-,-,-,-,-,-,-,Avalible on Crunchyroll
930,Cinderella Nine,13 chapters,Slice of Life,Sports,-,-,-,-,-,-,-,Avalible on Crunchyroll
931,CUE!,24 chapters,Slice of Life,-,-,-,-,-,-,-,-,Avalible on Crunchyroll
932,Deaimon: Recipe for Happiness,12 chapters,Slice of Life,-,-,-,-,-,-,-,-,Avalible on Crunchyroll
933,GANBARE DOUKICHAN,12 chapters,Slice of Life,-,-,-,-,-,-,-,-,Avalible on Crunchyroll
934,Gingitsune: Zorro Mensajero de los Dioses,12 chapters,Slice of Life,Supernatural,-,-,-,-,-,-,-,Avalible on Crunchyroll
935,Kimi to Boku,13 chapters,Slice of Life,-,-,-,-,-,-,-,-,Avalible on Crunchyroll
936,Kimi to Boku 2,13 chapters,Slice of Life,-,-,-,-,-,-,-,-,Avalible on Crunchyroll
937,Let's Make a Mug Too,48 chapters,Slice of Life,-,-,-,-,-,-,-,-,Avalible on Crunchyroll
938,Minami Kamakura High School Girls Cycling Club,13 chapters,Slice of Life,Sports,-,-,-,-,-,-,-,Avalible on Crunchyroll
939,Police in a Pod,13 chapters,Slice of Life,-,-,-,-,-,-,-,-,Avalible on Crunchyroll
940,Rail Romanesque,12 chapters,Slice of Life,-,-,-,-,-,-,-,-,Avalible on Crunchyroll
941,Saki Episode of Side A,16 chapters,Slice of Life,Sports,-,-,-,-,-,-,-,Avalible on Crunchyroll
942,Sasaki and Miyano,39 chapters,Slice of Life,-,-,-,-,-,-,-,-,Avalible on Crunchyroll
943,Slow Loop,12 chapters,Slice of Life,Sports,-,-,-,-,-,-,-,Avalible on Crunchyroll
944,Super Cub,12 chapters,Slice of Life,-,-,-,-,-,-,-,-,Avalible on Crunchyroll
945,TAMA of the 3rd District -Have You Seen My TAMA?,26 chapters,Slice of Life,-,-,-,-,-,-,-,-,Avalible on Crunchyroll
946,Tawawa on Monday,24 chapters,Slice of Life,-,-,-,-,-,-,-,-,Avalible on Crunchyroll
947,The aquatope on white sand,24 chapters,Slice of Life,-,-,-,-,-,-,-,-,Avalible on Crunchyroll
948,The Maid I Hired Recently Is Mysterious,17 chapters,Slice of Life,-,-,-,-,-,-,-,-,Avalible on Crunchyroll
949,Tsurune,14 chapters,Slice of Life,Sports,-,-,-,-,-,-,-,Avalible on Crunchyroll
950,2.43 Seiin High School Boys Volleyball Team,12 chapters,Sports,-,-,-,-,-,-,-,-,Avalible on Crunchyroll
951,Aoashi,24 chapters,Sports,-,-,-,-,-,-,-,-,Avalible on Crunchyroll
952,Backflip!!,12 chapters,Sports,-,-,-,-,-,-,-,-,Avalible on Crunchyroll
953,BIRDIE WING -Golf Girls' Story-,13 chapters,Sports,-,-,-,-,-,-,-,-,Avalible on Crunchyroll
954,Burning Kabaddi,12 chapters,Sports,-,-,-,-,-,-,-,-,Avalible on Crunchyroll
955,Captain Tsubasa,104 chapters,Sports,-,-,-,-,-,-,-,-,Avalible on Crunchyroll
956,DAYS,24 chapters,Sports,-,-,-,-,-,-,-,-,Avalible on Crunchyroll
957,Fanfare of Adolescence,13 chapters,Sports,-,-,-,-,-,-,-,-,Avalible on Crunchyroll
958,Farewell; My Dear Cramer,14 chapters,Sports,-,-,-,-,-,-,-,-,Avalible on Crunchyroll
959,Free!,50 chapters,Sports,-,-,-,-,-,-,-,-,Avalible on Crunchyroll
960,Futsal Boys,12 chapters,Sports,-,-,-,-,-,-,-,-,Avalible on Crunchyroll
961,Harukana Receive,12 chapters,Sports,-,-,-,-,-,-,-,-,Avalible on Crunchyroll
962,He Was Anime (NFL's Mike Daniels),1 chapters,Sports,-,-,-,-,-,-,-,-,Avalible on Crunchyroll
963,How Heavy Are the Dumbbells You Lift?,24 chapters,Sports,-,-,-,-,-,-,-,-,Avalible on Crunchyroll
964,Love All Play,24 chapters,Sports,-,-,-,-,-,-,-,-,Avalible on Crunchyroll
965,number24,24 chapters,Sports,-,-,-,-,-,-,-,-,Avalible on Crunchyroll
966,RE-MAIN,24 chapters,Sports,-,-,-,-,-,-,-,-,Avalible on Crunchyroll
967,Salaryman’s Club,13 chapters,Sports,-,-,-,-,-,-,-,-,Avalible on Crunchyroll
968,Shin Tennis no Ōji-sama,40 chapters,Sports,-,-,-,-,-,-,-,-,Avalible on Crunchyroll
969,Shoot! Goal to the Future,13 chapters,Sports,-,-,-,-,-,-,-,-,Avalible on Crunchyroll
970,SK8 the Infinity,36 chapters,Sports,-,-,-,-,-,-,-,-,Avalible on Crunchyroll
971,Stars Align,36 chapters,Sports,-,-,-,-,-,-,-,-,Avalible on Crunchyroll
972,Tamayomi,12 chapters,Sports,-,-,-,-,-,-,-,-,Avalible on Crunchyroll
973,The Gymnastics Samurai,11 chapters,Sports,-,-,-,-,-,-,-,-,Avalible on Crunchyroll
974,WAVE!! -Let's go surfing!!-,12 chapters,Sports,-,-,-,-,-,-,-,-,Avalible on Crunchyroll
975,Yuri!!! On ICE,12 chapters,Sports,-,-,-,-,-,-,-,-,Avalible on Crunchyroll
976,Akagi,26 chapters,Thriller,-,-,-,-,-,-,-,-,Avalible on Crunchyroll
977,Boogiepop and Others,18 chapters,Thriller,Supernatural,-,-,-,-,-,-,-,Avalible on Crunchyroll
978,Death Note,74 chapters,Thriller,Supernatural,-,-,-,-,-,-,-,Avalible on Crunchyroll
979,Love of Kill,24 chapters,Thriller,-,-,-,-,-,-,-,-,Avalible on Crunchyroll
980,Moriarty the Patriot,45 chapters,Thriller,-,-,-,-,-,-,-,-,Avalible on Crunchyroll
981,Paranoia Agent,13 chapters,Thriller,-,-,-,-,-,-,-,-,Avalible on Crunchyroll
982,The Detective Is Already Dead,12 chapters,Thriller,-,-,-,-,-,-,-,-,Avalible on Crunchyroll
983,Tomodachi Game,12 chapters,Thriller,-,-,-,-,-,-,-,-,Avalible on Crunchyroll
984,Hell Girl: Fourth Twilight (Jigoku Shoujo: Yoi no Togi),12 chapters,Supernatural,-,-,-,-,-,-,-,,Avalible on Crunchyroll
985,Higurashi: When They Cry - GOU,63 chapters,Supernatural,-,-,-,-,-,-,-,,Avalible on Crunchyroll
986,Makai Ouji: Devils and Realist,12 chapters,Supernatural,-,-,-,-,-,-,-,,Avalible on Crunchyroll
987,Midnight occult civil servants,15 chapters,Supernatural,-,-,-,-,-,-,-,,Avalible on Crunchyroll
